u1_add,u1_del,u2_add,u2_del,u3_add,u3_del,u4_add,u4_del,u1_speak,u2_speak,u3_speak,u4_speak,gini_group_speak,gini_group_add,gini_group_del,sum_group_speak,sum_group_add,sum_group_del,u1_turns,u2_turns,u3_turns,u4_turns,group,dataset,pca_1,pca_2,pca_3,pca_4,entropy_group_speak,entropy_group_add,entropy_group_del
0,0,0,0,0,0,0,0,10.8,7.800000000000002,0.8,2.2,0.47522521666260875,0.0,0.0,21.6,0.0,0.0,14.0,2.0,1.0,6.0,1,1,-3.006878881637191,0.17809116175238665,-0.963337786240085,0.2273107274064972,1.5424026923721237,0.0,0.0
0,0,0,0,0,0,0,0,9.8,5.0,0.4,4.0,0.47522521666260875,0.0,0.0,19.200000000000003,0.0,0.0,12.0,3.0,0.0,6.0,1,1,-2.6197022784660837,0.025567593950632943,-1.2122645341319291,-0.022661079098311405,1.5885484485986505,0.0,0.0
0,0,0,0,0,0,0,0,1.0,4.800000000000002,3.0,8.8,0.47522521666260875,0.0,0.0,17.6,0.0,0.0,11.0,3.0,0.0,4.0,1,1,-2.019333538030655,-0.23838527789903563,-1.2147980780750547,-0.007518887116822641,1.6813964976610085,0.0,0.0
0,0,0,0,0,0,0,0,1.2000000000000002,6.4,11.4,4.2,0.47522521666260875,0.0,0.0,23.200000000000003,0.0,0.0,11.0,5.0,1.0,6.0,1,1,-3.122844359676261,-0.11692336537857405,-0.6074188381736305,0.3652704584240059,1.6836433081442,0.0,0.0
0,0,0,0,0,0,0,0,10.8,4.2,5.2,1.2000000000000002,0.47522521666260875,0.0,0.0,21.4,0.0,0.0,9.0,5.0,0.0,2.0,1,1,-2.543333582435973,-0.27344806534932486,-0.5724665474399822,0.20017816974082933,1.687973540876132,0.0,0.0
0,0,0,0,0,0,0,0,7.6,10.0,0.4,2.8000000000000003,0.47522521666260875,0.0,0.0,20.8,0.0,0.0,7.0,6.0,0.0,1.0,1,1,-2.0146583566974097,-0.16636381720400156,-0.18500218995517292,0.17124139563100715,1.5377760267141793,0.0,0.0
0,0,0,0,0,0,0,0,5.6000000000000005,9.8,0.4,5.0,0.47522521666260875,0.0,0.0,20.8,0.0,0.0,10.0,6.0,0.0,5.0,1,1,-2.608577803479382,0.06684026035277744,-0.49533936961075015,0.09339039448855978,1.6252173631062246,0.0,0.0
0,0,0,0,0,0,0,0,11.0,2.2,1.0,3.6,0.47522521666260875,0.0,0.0,17.8,0.0,0.0,10.0,3.0,1.0,4.0,1,1,-2.043213007704425,-0.2981783171849092,-1.2146304426702166,-0.0007404958749065759,1.5016118292892633,0.0,0.0
0,0,0,0,0,0,0,0,1.2000000000000002,3.0,2.6,14.2,0.47522521666260875,0.0,0.0,21.0,0.0,0.0,14.0,3.0,0.0,4.0,1,1,-2.883571962281796,-0.20808136643607855,-1.1031107603504577,0.019839126834578887,1.3918560342459196,0.0,0.0
0,0,0,0,0,0,0,0,6.0,10.2,1.8,3.0,0.47522521666260875,0.0,0.0,21.0,0.0,0.0,10.0,5.0,1.0,5.0,1,1,-2.5032876540664573,0.03774815297241328,-0.49923603374669373,0.22269027125263527,1.727263667609833,0.0,0.0
0,0,0,0,0,0,1,0,1.6,1.2000000000000002,6.4,10.2,0.47522521666260875,0.0,0.0,19.4,1.0,0.0,12.0,1.0,0.0,8.0,1,1,-2.684527818789662,-0.11143623578772476,-1.7991810024976471,-0.1679244096286067,1.560701837600806,0.0,0.0
0,0,0,0,0,0,0,0,8.200000000000001,0.6000000000000001,4.4,4.4,0.47522521666260875,0.0,0.0,17.6,0.0,0.0,4.0,4.0,0.0,9.0,1,1,-1.9376954916016143,-0.2655614123405543,-1.6499963960327053,-0.4207571406032595,1.6795508128242747,0.0,0.0
2,0,1,0,0,0,0,1,1.0,5.2,1.0,6.6000000000000005,0.47522521666260875,0.0,0.0,13.8,3.0,1.0,8.0,0.0,0.0,5.0,1,1,-0.8982487136132955,0.015754161043396036,-1.8407855184474233,-0.31791405980782644,1.58829663707714,0.9182958340544896,0.0
50,13,0,1,0,0,0,0,1.4,1.4,9.2,3.6,0.47522521666260875,0.0,0.0,15.6,50.0,14.0,10.0,1.0,1.0,2.0,1,1,0.05595224252631237,2.8242025601964524,-1.0830841162941203,4.776691611880472,1.5617423609982655,0.0,0.3712323266408756
34,1,0,0,0,0,0,0,0.2,6.4,1.8,5.6000000000000005,0.47522521666260875,0.0,0.0,14.0,34.0,1.0,6.0,3.0,0.0,8.0,1,1,-0.712239669254217,0.9658605956763943,-1.9669553956808608,1.1552732397367815,1.5130649765079134,0.0,0.0
2,0,0,0,0,0,8,3,3.8,2.4000000000000004,6.0,0.8,0.47522521666260875,0.0,0.0,13.0,10.0,3.0,3.0,4.0,1.0,8.0,1,1,-0.6491153563100066,0.3545819162265881,-1.6666994886084772,-0.8645497042753828,1.7310310340694153,0.7219280948873623,0.0
0,0,2,0,0,0,85,0,6.6000000000000005,4.6000000000000005,3.0,0.6000000000000001,0.47522521666260875,0.0,0.0,14.8,87.0,0.0,5.0,3.0,0.0,6.0,1,1,-0.7713395484943805,2.2056245289843126,-2.2095690660862792,-2.357572309567987,1.697761779623119,0.15790637433488164,0.0
0,0,0,0,0,0,48,0,0.0,1.8,4.800000000000002,6.2,0.47522521666260875,0.0,0.0,12.8,48.0,0.0,7.0,1.0,0.0,6.0,1,1,-0.7164955472368947,0.9309965454479591,-2.4148962393433875,-1.4955740362346939,1.4351795210580987,0.0,0.0
0,0,0,0,1,0,31,4,5.6000000000000005,3.8,0.0,4.2,0.47522521666260875,0.0,0.0,13.600000000000001,32.0,4.0,7.0,3.0,0.0,5.0,1,1,-0.7147274162299957,1.2488227812492676,-1.6400676778206993,-1.6624241963739506,1.5645918640239422,0.2006223243127146,0.0
0,0,2,0,63,3,7,8,1.4,7.6,1.4,0.0,0.47522521666260875,0.0,0.0,10.4,72.0,11.0,4.0,2.0,0.0,2.0,1,1,2.049096417267188,2.772373586631484,0.2517088334380324,-2.4048893831643245,1.1095894408398863,0.6390900065131738,0.8453509366224365
6,0,80,5,42,1,2,2,1.2000000000000002,7.800000000000002,4.4,0.6000000000000001,0.47522521666260875,0.0,0.0,14.000000000000002,130.0,8.0,8.0,1.0,0.0,3.0,1,1,0.30219933889952577,5.497541616698343,-0.848301351641509,-0.7395494912320918,1.4935280933429862,1.255126625705194,1.2987949406953987
105,8,60,0,0,0,0,0,7.2,1.2000000000000002,4.4,4.6000000000000005,0.47522521666260875,0.0,0.0,17.4,165.0,8.0,10.0,5.0,0.0,6.0,1,1,-0.4981643988566463,6.259153500663214,-2.222889341349255,5.390367014286112,1.8018343503822682,0.9456603046006401,0.0
20,2,0,0,0,0,0,0,1.0,7.0,2.0,5.0,0.47522521666260875,0.0,0.0,15.0,20.0,2.0,2.0,7.0,0.0,4.0,1,1,-0.5108473483869399,0.4213450114904261,-0.9118987981982183,0.94135800375586,1.6894822670191822,0.0,0.0
0,0,0,0,0,0,0,0,6.2,2.2,1.0,3.2,0.47522521666260875,0.0,0.0,12.600000000000001,0.0,0.0,4.0,2.0,1.0,5.0,1,1,-0.566184288266611,-0.49507282425702986,-1.7569878206496035,-0.3105367714291668,1.7353200203024528,0.0,0.0
0,0,0,0,0,0,0,0,8.4,11.2,2.2,0.8,0.47522521666260875,0.0,0.0,22.6,0.0,0.0,12.0,2.0,0.0,7.0,1,1,-3.017255372931948,0.3578193146851368,-0.8888405454216417,0.18237144192528612,1.5304182969555062,0.0,0.0
38,2,0,0,0,0,0,0,1.0,2.4000000000000004,6.800000000000002,2.8000000000000003,0.47522521666260875,0.0,0.0,13.000000000000002,38.0,2.0,3.0,1.0,4.0,3.0,1,1,0.5647709603724754,0.5005813758055165,-1.766642559328421,1.9181582288216705,1.7007386438837055,0.0,0.0
0,1,0,0,0,0,0,0,5.0,0.8,5.0,3.4000000000000004,0.47522521666260875,0.0,0.0,14.200000000000001,0.0,1.0,6.0,4.0,0.0,6.0,1,1,-1.2973378686705737,-0.29048472406676945,-1.554370551690191,-0.043608900983709224,1.7880615168287384,0.0,0.0
26,0,2,0,0,0,24,0,7.6,5.0,0.8,1.6,0.47522521666260875,0.0,0.0,15.0,52.0,0.0,8.0,2.0,1.0,9.0,1,1,-1.1687172702588289,1.4468613451359402,-2.2359612402455387,0.14404645936237778,1.595250020426223,1.1956217818146277,0.0
1,0,0,0,0,0,189,0,3.6,0.2,3.8,5.2,0.47522521666260875,0.0,0.0,12.8,190.0,0.0,6.0,6.0,0.0,7.0,1,1,-0.35504892772962565,4.8543443108849145,-3.1250458698820913,-5.051380319879993,1.6565514772959669,0.04741446002682828,0.0
31,0,106,0,0,0,0,0,5.6000000000000005,2.4000000000000004,5.0,2.2,0.47522521666260875,0.0,0.0,15.200000000000001,137.0,0.0,6.0,7.0,2.0,2.0,1,1,-0.7462534969866076,4.512851200504947,-1.6665192633435266,1.1064069672711059,1.882458561132465,0.7714652668605833,0.0
46,11,0,0,0,0,0,0,8.6,2.4000000000000004,3.4000000000000004,2.2,0.47522521666260875,0.0,0.0,16.6,46.0,11.0,9.0,2.0,2.0,3.0,1,1,-0.2600164469557045,2.356903263829044,-1.0000905067869124,4.139535359062656,1.7498641233094534,0.0,0.0
0,0,0,0,0,0,0,0,2.8000000000000003,1.4,0.8,15.8,0.47522521666260875,0.0,0.0,20.8,0.0,0.0,13.0,1.0,0.0,4.0,1,1,-2.6564731801052255,-0.25930824544695685,-1.4302485699372862,-0.13590261037813053,1.1335826751680074,0.0,0.0
0,0,0,0,0,0,0,0,8.4,4.4,0.0,2.4000000000000004,0.47522521666260875,0.0,0.0,15.200000000000001,0.0,0.0,8.0,2.0,0.0,4.0,1,1,-1.364767501979085,-0.23879450439086147,-1.4649190898010733,-0.146479355575488,1.4110278111359231,0.0,0.0
49,3,0,0,0,0,0,0,2.0,4.0,8.0,1.6,0.47522521666260875,0.0,0.0,15.6,49.0,3.0,10.0,1.0,2.0,6.0,1,1,-0.7554648727653914,1.4866425196684447,-1.9018745092672182,2.622318094038466,1.7144411080658974,0.0,0.0
0,0,133,39,0,0,58,4,0.6000000000000001,8.8,2.0,5.800000000000002,0.47522521666260875,0.0,0.0,17.200000000000003,191.0,43.0,8.0,3.0,0.0,9.0,1,1,-0.8604081109391247,15.338171993978735,-0.64106444820845,-2.2633758148086365,1.5533507020302637,0.8857248403967046,0.446481346896803
0,0,37,0,0,0,72,3,8.0,4.6000000000000005,1.2000000000000002,5.4,0.47522521666260875,0.0,0.0,19.200000000000003,109.0,3.0,8.0,5.0,2.0,8.0,1,1,-1.731805102114505,3.8605807038662077,-1.714955039705847,-2.399886650339525,1.7848501429342147,0.9242909795281407,0.0
0,0,0,0,0,0,2,0,3.6,11.0,4.6000000000000005,0.8,0.47522521666260875,0.0,0.0,20.000000000000004,2.0,0.0,10.0,4.0,1.0,4.0,1,1,-2.1782833955404723,0.041827519611028194,-0.5701874329747786,0.29265880387860754,1.5931025971834327,0.0,0.0
0,0,0,0,0,1,0,0,1.0,8.0,2.0,7.4,0.47522521666260875,0.0,0.0,18.4,0.0,1.0,7.0,2.0,1.0,6.0,1,1,-1.5777805534143448,-0.03481761485359579,-1.0472155280454514,-0.10650266087278486,1.6273030457627078,0.0,0.0
0,0,0,0,0,0,0,0,10.6,1.2000000000000002,2.2,2.0,0.47522521666260875,0.0,0.0,16.0,0.0,0.0,11.0,2.0,1.0,0.0,1,1,-1.5337831415893934,-0.5264247438758753,-1.1770881942973723,0.1723753125434299,1.4423957467616075,0.0,0.0
0,0,0,0,0,0,0,0,1.2000000000000002,6.2,0.8,4.0,0.47522521666260875,0.0,0.0,12.200000000000001,0.0,0.0,4.0,1.0,1.0,4.0,1,1,-0.2064072165733497,-0.4303574709424078,-1.6536630290041705,-0.21929097181686566,1.6105992633978485,0.0,0.0
0,0,0,0,0,0,0,0,8.8,0.8,3.2,0.8,0.47522521666260875,0.0,0.0,13.600000000000001,0.0,0.0,4.0,1.0,0.0,4.0,1,1,-0.7507001525058579,-0.4981704034388648,-1.8447917301679655,-0.29888541986719136,1.3784188527203236,0.0,0.0
0,0,0,0,0,0,0,0,2.0,3.4000000000000004,9.6,2.2,0.47522521666260875,0.0,0.0,17.200000000000003,0.0,0.0,9.0,1.0,2.0,4.0,1,1,-1.5653557205790227,-0.4533629778714678,-1.3604950525186699,0.24436827533877722,1.672333393193317,0.0,0.0
0,0,0,0,0,0,0,0,10.4,2.0,1.0,1.8,0.47522521666260875,0.0,0.0,15.200000000000001,0.0,0.0,7.0,3.0,2.0,0.0,1,1,-0.9418271783504049,-0.6646733604488947,-1.025040981083034,0.10660684072623546,1.3823865689747954,0.0,0.0
0,0,0,0,0,0,0,0,12.2,1.2000000000000002,1.8,1.4,0.47522521666260875,0.0,0.0,16.6,0.0,0.0,11.0,3.0,2.0,1.0,1,1,-1.7016583914762007,-0.5191860281214019,-1.026908002203933,0.2277046665242722,1.2489483221535869,0.0,0.0
0,0,0,0,0,0,0,0,6.6000000000000005,2.6,2.2,0.8,0.47522521666260875,0.0,0.0,12.200000000000003,0.0,0.0,9.0,2.0,1.0,3.0,1,1,-0.8893726883438505,-0.45511040725852253,-1.5811295417565174,-0.006652400825638023,1.6582050411747973,0.0,0.0
0,0,0,0,0,0,0,0,2.4000000000000004,0.4,1.6,9.4,0.47522521666260875,0.0,0.0,13.8,0.0,0.0,8.0,2.0,0.0,2.0,1,1,-1.0083242843730094,-0.6010951931484221,-1.6329283197835314,-0.22661943001571486,1.324680601162186,0.0,0.0
0,0,0,0,0,0,0,0,9.0,1.0,4.4,1.4,0.47522521666260875,0.0,0.0,15.8,0.0,0.0,9.0,2.0,0.0,4.0,1,1,-1.6848216184959897,-0.35765908630249604,-1.5661331864162678,-0.0670534084475681,1.5379325219277875,0.0,0.0
0,0,0,0,0,0,0,0,1.4,3.8,11.4,1.4,0.47522521666260875,0.0,0.0,17.999999999999996,0.0,0.0,8.0,4.0,1.0,0.0,1,1,-1.5557642607019413,-0.628591559039696,-0.7156306166187445,0.3896456407063441,1.4642050688671764,0.0,0.0
0,0,0,0,0,0,0,0,3.8,1.6,1.2000000000000002,10.8,0.47522521666260875,0.0,0.0,17.400000000000002,0.0,0.0,10.0,4.0,2.0,1.0,1,1,-1.6410950881322213,-0.6346892150452609,-0.914756039422031,0.09367857542717696,1.4891007041638737,0.0,0.0
0,0,0,0,1,0,0,0,1.0,10.2,2.0,3.2,0.47522521666260875,0.0,0.0,16.4,1.0,0.0,15.0,3.0,0.0,4.0,1,1,-2.1187802709434385,0.1020610075928643,-0.984380332379707,0.26432922680799076,1.5023981770100754,0.0,0.0
0,0,0,0,45,4,0,0,2.8000000000000003,3.4000000000000004,1.4,7.6,0.47522521666260875,0.0,0.0,15.200000000000001,45.0,4.0,7.0,4.0,1.0,3.0,1,1,-0.011923248578919406,0.8352054248396944,0.2013860759315069,-0.7638206967819127,1.7497358400840894,0.0,0.0
0,0,0,0,30,8,0,0,0.6000000000000001,11.4,2.0,1.6,0.47522521666260875,0.0,0.0,15.6,30.0,8.0,9.0,2.0,0.0,2.0,1,1,0.01716671445455981,1.3498861964699438,0.8900109008557974,-0.40422670585011017,1.2283650488824103,0.0,0.0
4,4,0,0,1,0,0,0,4.4,1.0,4.800000000000002,1.4,0.47522521666260875,0.0,0.0,11.600000000000003,5.0,4.0,3.0,5.0,0.0,1.0,1,1,-0.00148017642802489,-0.09227056606738503,-1.0475038240223107,0.8091912476792098,1.7302616751936355,0.7219280948873623,0.0
0,0,0,0,0,0,0,0,5.2,2.0,5.0,2.2,0.47522521666260875,0.0,0.0,14.399999999999999,0.0,0.0,4.0,6.0,4.0,0.0,1,1,-0.49644542257634494,-0.9673023697735373,-0.6145168496272571,0.2658906128957997,1.8701907490823069,0.0,0.0
0,0,0,0,0,0,0,0,1.6,1.4,11.0,2.0,0.47522521666260875,0.0,0.0,16.0,0.0,0.0,10.0,2.0,1.0,2.0,1,1,-1.5341924930359274,-0.581688072008792,-1.3239159810839047,0.2668264053490922,1.3863587242981983,0.0,0.0
0,0,0,0,0,0,0,0,1.8,0.2,0.8,9.0,0.47522521666260875,0.0,0.0,11.8,0.0,0.0,4.0,0.0,1.0,2.0,1,1,-0.059497169154510254,-0.7713834971596261,-1.9448062947902884,-0.35379457859864666,1.0748004332971604,0.0,0.0
0,0,0,0,0,0,0,0,2.6,8.4,1.0,1.8,0.47522521666260875,0.0,0.0,13.8,0.0,0.0,8.0,2.0,2.0,1.0,1,1,-0.5997148733367696,-0.4210839839255977,-1.0197277391558885,0.2118982458520243,1.5473358541700568,0.0,0.0
0,0,0,0,0,0,0,0,0.2,7.4,1.6,2.4000000000000004,0.47522521666260875,0.0,0.0,11.6,0.0,0.0,6.0,3.0,0.0,1.0,1,1,-0.2792784309086491,-0.45595977473966615,-1.2352353101543538,-0.03380109579737756,1.3791995375943822,0.0,0.0
0,0,0,0,0,0,0,0,0.0,1.8,3.8,5.800000000000002,0.47522521666260875,0.0,0.0,11.400000000000002,0.0,0.0,5.0,4.0,0.0,5.0,1,1,-0.6470118159671556,-0.5446775250632947,-1.70474565781987,-0.31865282000890327,1.444795336496171,0.0,0.0
0,0,0,0,0,0,0,0,7.2,1.6,1.2000000000000002,0.8,0.47522521666260875,0.0,0.0,10.8,0.0,0.0,6.0,2.0,0.0,1.0,1,1,-0.3124900084922312,-0.6116906199847927,-1.6438107846067038,-0.169370965048553,1.428460186306984,0.0,0.0
0,0,0,0,0,0,0,0,0.8,3.0,4.2,1.0,0.47522521666260875,0.0,0.0,9.0,0.0,0.0,4.0,1.0,1.0,4.0,1,1,0.18245874461164624,-0.6100064358937901,-1.9789442714767513,-0.2125290577109674,1.7040383121759288,0.0,0.0
0,0,0,0,0,0,0,0,0.2,1.6,0.0,1.4,0.47522521666260875,0.0,0.0,3.2,0.0,0.0,2.0,0.0,0.0,2.0,1,1,1.4274786284971894,-0.7979059568142891,-2.454328856324313,-0.49199852605341493,1.2717822215997983,0.0,0.0
0,0,0,0,0,0,0,0,2.2,6.800000000000002,4.800000000000002,6.2,0.47522521666260875,0.0,0.0,20.000000000000004,0.0,0.0,10.0,5.0,2.0,7.0,2,1,-2.451723182320174,-0.22469940612769568,-0.22320233133867454,0.021386066346517917,1.8973894893064978,0.0,0.0
0,0,0,0,0,0,0,0,3.2,3.8,10.4,7.800000000000002,0.47522521666260875,0.0,0.0,25.200000000000003,0.0,0.0,12.0,9.0,3.0,3.0,2,1,-3.4528668876710222,-0.5487145770466069,0.7954794529639219,0.46430136097134206,1.8402626644968003,0.0,0.0
0,0,0,0,0,0,0,0,12.2,5.0,7.0,2.4000000000000004,0.47522521666260875,0.0,0.0,26.6,0.0,0.0,10.0,10.0,1.0,7.0,2,1,-4.066195051988073,-0.10598577575188227,0.655608437555461,0.14615005916172497,1.7889979397310252,0.0,0.0
0,0,0,0,0,0,0,0,6.0,1.6,4.4,13.8,0.47522521666260875,0.0,0.0,25.800000000000004,0.0,0.0,7.0,12.0,0.0,4.0,2,1,-3.562373857059012,-0.510531750307985,0.7481931139240262,-0.1774229630245342,1.656169883361473,0.0,0.0
0,0,0,0,0,0,0,0,1.4,8.4,2.8000000000000003,10.8,0.47522521666260875,0.0,0.0,23.400000000000002,0.0,0.0,13.0,9.0,2.0,1.0,2,1,-3.0166840156396866,-0.3866073378553245,0.9483228609881923,0.36672924552781133,1.6550167688419948,0.0,0.0
0,0,0,0,0,0,0,0,9.2,1.8,5.4,5.2,0.47522521666260875,0.0,0.0,21.599999999999998,0.0,0.0,7.0,7.0,1.0,6.0,2,1,-2.727998996354145,-0.4169988107789398,-0.1066027934957779,-0.15509823017541435,1.8177896297404552,0.0,0.0
0,0,0,0,0,0,0,0,3.0,7.2,2.6,9.6,0.47522521666260875,0.0,0.0,22.400000000000002,0.0,0.0,8.0,14.0,3.0,3.0,2,1,-2.7786517218073197,-0.5558631717414518,1.313709440730279,0.23220552006297382,1.799278356374562,0.0,0.0
0,0,0,0,0,0,0,0,7.4,6.4,3.6,5.2,0.47522521666260875,0.0,0.0,22.6,0.0,0.0,8.0,9.0,4.0,5.0,2,1,-2.6474427196316825,-0.4496705755235632,0.6671771235142367,0.23342160387962915,1.9527465975842038,0.0,0.0
0,0,0,0,0,0,0,0,6.6000000000000005,1.8,10.6,3.8,0.47522521666260875,0.0,0.0,22.8,0.0,0.0,3.0,11.0,1.0,10.0,2,1,-3.0680530607818857,-0.39181494660019994,0.1258795253692687,-0.24013433137209325,1.7514449457516938,0.0,0.0
0,0,0,0,0,0,0,0,6.4,2.6,3.2,13.0,0.47522521666260875,0.0,0.0,25.200000000000003,0.0,0.0,10.0,3.0,5.0,7.0,2,1,-2.988988745886923,-0.458175246430714,-0.15179005653346894,0.0707595415351064,1.7109336998278235,0.0,0.0
43,3,28,28,2,2,0,0,9.4,6.6000000000000005,2.4000000000000004,5.800000000000002,0.47522521666260875,0.0,0.0,24.200000000000003,73.0,33.0,8.0,9.0,3.0,6.0,2,1,-1.8249874602776874,8.152820384753591,1.9363705056466365,2.388593595747389,1.8657088502082195,1.1222174044991524,0.7607327460318964
0,14,3,8,15,16,8,1,2.4000000000000004,10.4,11.6,1.0,0.47522521666260875,0.0,0.0,25.4,26.0,39.0,8.0,1.0,0.0,11.0,2,1,-0.7794562744586098,6.256549911672209,3.7720899684546096,1.9997611794114236,1.5491968635924285,1.340507162899121,1.662249169918493
25,5,0,0,0,0,0,7,8.8,2.8000000000000003,2.8000000000000003,11.4,0.47522521666260875,0.0,0.0,25.8,25.0,12.0,16.0,2.0,2.0,8.0,2,1,-2.9644059726677785,2.525127715980617,-0.10182197715041029,0.9299416835141703,1.745369427167097,0.0,0.9798687566511527
47,6,6,21,15,0,19,0,2.0,9.0,7.4,3.8,0.47522521666260875,0.0,0.0,22.200000000000003,87.0,27.0,7.0,6.0,1.0,7.0,2,1,-1.006863527862666,7.158905500053852,1.0128383246680517,2.4793197441631913,1.80510895132841,1.6626051886908915,0.7642045065086203
2,59,13,0,0,0,11,0,11.0,4.0,6.2,1.6,0.47522521666260875,0.0,0.0,22.799999999999997,26.0,59.0,7.0,5.0,1.0,11.0,2,1,0.6132292877465545,8.96610525522495,3.318201335337608,11.873540301999716,1.7276844723788063,1.3096910973393818,0.0
56,13,0,20,0,0,0,0,8.0,7.2,7.0,1.6,0.47522521666260875,0.0,0.0,23.8,56.0,33.0,10.0,10.0,1.0,7.0,2,1,-1.8045888901256193,7.153088145555394,1.8176346237110608,5.098284231441394,1.8316301209508714,0.0,0.9672947789468944
0,0,44,3,0,0,3,4,0.2,14.2,5.4,3.0,0.47522521666260875,0.0,0.0,22.799999999999997,47.0,7.0,7.0,4.0,0.0,9.0,2,1,-2.323337774648986,3.3608815853271827,-0.0799031077895045,-0.8169111617877898,1.3625622336614622,0.3424637724817958,0.9852281360342514
0,2,47,0,0,0,0,0,2.8000000000000003,11.2,2.6,1.8,0.47522521666260875,0.0,0.0,18.4,47.0,2.0,2.0,4.0,1.0,9.0,2,1,-1.2783132784150715,2.12161555679473,-0.6019381923462379,0.00466990966817354,1.5762805876564987,0.0,0.0
0,0,1,0,0,0,20,0,5.6000000000000005,0.2,6.4,5.0,0.47522521666260875,0.0,0.0,17.2,21.0,0.0,7.0,7.0,0.0,7.0,2,1,-2.108798401841514,0.13257831026047848,-0.765541963785781,-0.8322571706587221,1.6506561202604582,0.2761954276479391,0.0
1,1,92,6,0,0,4,0,6.6000000000000005,2.6,9.6,1.4,0.47522521666260875,0.0,0.0,20.2,97.0,7.0,10.0,4.0,0.0,6.0,2,1,-2.480471631089292,4.904408985954641,-0.7660648108882825,-0.004567603876422304,1.6849401286559345,0.3301427395351155,0.5916727785823275
2,1,70,0,0,0,46,4,8.6,2.6,5.2,5.6000000000000005,0.47522521666260875,0.0,0.0,22.0,118.0,5.0,5.0,7.0,2.0,5.0,2,1,-1.7819153343602927,4.44861721362698,-0.4882029687748647,-1.708131051053591,1.8881554291855167,1.0764255818637882,0.7219280948873623
0,0,27,0,0,0,37,2,8.6,4.800000000000002,2.0,7.0,0.47522521666260875,0.0,0.0,22.400000000000002,64.0,2.0,5.0,8.0,2.0,7.0,2,1,-2.2637185641831636,2.1147966894410506,-0.21060881858697214,-1.4814287289211212,1.8420632165982704,0.9823166080205501,0.0
0,0,0,0,5,7,0,0,9.2,1.0,3.6,8.4,0.47522521666260875,0.0,0.0,22.2,5.0,7.0,3.0,7.0,1.0,11.0,2,1,-2.1818709135420935,0.5517091320213727,0.8025059150358086,-0.8023653142818185,1.684240440802998,0.0,0.0
0,0,0,0,0,0,0,0,9.0,0.8,10.2,3.0,0.47522521666260875,0.0,0.0,23.0,0.0,0.0,4.0,11.0,0.0,12.0,2,1,-3.4914742813321427,-0.22041901976228628,-0.11044537180214777,-0.37247234844471183,1.601747088252989,0.0,0.0
0,0,0,0,0,0,0,0,8.0,5.0,8.200000000000001,3.2,0.47522521666260875,0.0,0.0,24.400000000000002,0.0,0.0,8.0,7.0,4.0,5.0,2,1,-2.8759937386025896,-0.4781173341591703,0.5044963754375525,0.32860605250885705,1.9091540528972795,0.0,0.0
0,0,0,0,0,0,0,0,6.4,9.0,7.2,1.6,0.47522521666260875,0.0,0.0,24.200000000000003,0.0,0.0,11.0,9.0,1.0,9.0,2,1,-3.7300374924187447,0.09946742353272124,0.4230468281626424,0.16544242066120624,1.8176178704418788,0.0,0.0
0,0,10,4,0,0,0,0,4.800000000000002,5.6000000000000005,0.6000000000000001,6.6000000000000005,0.47522521666260875,0.0,0.0,17.6,10.0,4.0,6.0,7.0,0.0,4.0,2,1,-1.7036315367555475,0.7829156097961121,0.005887580364302687,-0.274245997525898,1.7336937632291942,0.0,0.0
0,0,0,0,0,0,0,0,0.4,2.6,5.0,12.6,0.47522521666260875,0.0,0.0,20.6,0.0,0.0,5.0,2.0,0.0,10.0,2,1,-2.278643753184389,-0.25237025438706673,-1.1339892869630959,-0.6025562683160941,1.416881534360917,0.0,0.0
0,0,5,0,0,0,0,0,3.4000000000000004,0.6000000000000001,7.2,8.4,0.47522521666260875,0.0,0.0,19.6,5.0,0.0,4.0,4.0,0.0,5.0,2,1,-1.876117106109668,-0.39648440216762443,-0.6889451614687306,-0.38917201206689117,1.6469916031759182,0.0,0.0
0,0,0,0,0,0,0,0,4.6000000000000005,1.6,9.0,9.6,0.47522521666260875,0.0,0.0,24.8,0.0,0.0,4.0,8.0,1.0,11.0,2,1,-3.3145566401952697,-0.3031634142718899,-0.2106683924021832,-0.36884536589076883,1.7666679687839546,0.0,0.0
0,0,10,1,0,0,0,0,6.2,4.4,10.8,0.8,0.47522521666260875,0.0,0.0,22.200000000000003,10.0,1.0,5.0,9.0,0.0,9.0,2,1,-2.9904694900929765,0.3866893319448434,-0.0026599851835495004,-0.15560121604263658,1.655213106450638,0.0,0.0
0,0,71,2,0,0,10,0,0.2,2.4000000000000004,2.2,14.8,0.47522521666260875,0.0,0.0,19.6,81.0,2.0,1.0,3.0,0.0,6.0,2,1,-1.313246502833696,2.989803505200152,-1.2291559431948098,-1.0506954503338921,1.098660386255959,0.5392163432092414,0.0
17,0,0,0,0,0,0,0,6.2,4.800000000000002,9.2,2.4000000000000004,0.47522521666260875,0.0,0.0,22.6,17.0,0.0,5.0,7.0,2.0,9.0,2,1,-2.536518784434064,0.19394204108527016,-0.23930964637777422,0.5706939554391218,1.858032186958751,0.0,0.0
32,0,32,0,0,0,0,0,2.0,3.0,4.2,11.6,0.47522521666260875,0.0,0.0,20.8,64.0,0.0,7.0,9.0,1.0,2.0,2,1,-1.864635790091013,1.536044935626255,-0.15962659902533985,1.0613650111671495,1.6636685308453756,1.0,0.0
14,0,0,0,0,0,0,0,8.200000000000001,3.0,7.4,3.0,0.47522521666260875,0.0,0.0,21.6,14.0,0.0,11.0,9.0,4.0,2.0,2,1,-2.5298238683303613,-0.2788338840039989,0.5510560659464895,0.9951871086634123,1.8510344967387635,0.0,0.0
0,0,0,0,0,0,0,0,6.6000000000000005,2.0,8.6,4.6000000000000005,0.47522521666260875,0.0,0.0,21.8,0.0,0.0,7.0,6.0,2.0,9.0,2,1,-2.829097020756815,-0.35161554357911823,-0.3527408054491494,-0.11786315203711197,1.8410687621236779,0.0,0.0
0,0,0,0,0,0,0,0,10.0,6.0,5.4,1.0,0.47522521666260875,0.0,0.0,22.4,0.0,0.0,6.0,12.0,1.0,7.0,2,1,-3.070299153305084,-0.24155651353039065,0.655173862379168,-0.012000874403440418,1.7235055435768698,0.0,0.0
0,0,19,1,0,0,23,4,11.6,3.4000000000000004,3.0,1.6,0.47522521666260875,0.0,0.0,19.6,42.0,5.0,3.0,5.0,2.0,10.0,2,1,-1.6971677733107768,1.9987755875099182,-0.6976413325897188,-1.6049201551764687,1.5958004058215072,0.9934472383802024,0.7219280948873623
0,0,0,9,0,0,0,0,11.4,4.6000000000000005,1.2000000000000002,4.0,0.47522521666260875,0.0,0.0,21.200000000000003,0.0,9.0,4.0,5.0,2.0,9.0,2,1,-2.199272325717491,1.5111816320395406,0.0360105329227972,-0.28638843505511796,1.6480620328766356,0.0,0.0
2,0,0,0,0,0,0,0,2.2,6.800000000000002,2.4000000000000004,4.6000000000000005,0.47522521666260875,0.0,0.0,16.000000000000004,2.0,0.0,4.0,6.0,1.0,7.0,2,1,-1.314830598343108,-0.2945674219168976,-0.463313438665536,-0.2511504973485217,1.8458161023187751,0.0,0.0
0,0,0,0,0,0,0,0,2.0,0.4,10.6,5.6000000000000005,0.47522521666260875,0.0,0.0,18.6,0.0,0.0,1.0,6.0,0.0,8.0,2,1,-1.7901310407813324,-0.5894957743796178,-0.7176934533779722,-0.47281387659644053,1.4487824362872135,0.0,0.0
0,0,0,0,0,0,0,0,7.6,2.8000000000000003,1.2000000000000002,5.2,0.47522521666260875,0.0,0.0,16.799999999999997,0.0,0.0,5.0,8.0,1.0,6.0,2,1,-1.7685710754597481,-0.48616001646456325,-0.26198894477528645,-0.3409742285027326,1.7441576359256887,0.0,0.0
0,0,0,0,0,0,0,0,8.0,2.8000000000000003,2.4000000000000004,6.800000000000002,0.47522521666260875,0.0,0.0,20.000000000000004,0.0,0.0,2.0,9.0,1.0,6.0,2,1,-2.0201765888206404,-0.5369488709287772,0.03498145155520009,-0.38483431300419074,1.822122396620061,0.0,0.0
0,0,0,0,0,0,0,0,6.0,1.6,2.0,7.2,0.47522521666260875,0.0,0.0,16.8,0.0,0.0,2.0,7.0,3.0,3.0,2,1,-1.0016471456956135,-0.8877395678634342,-0.09951896135514272,-0.228368641339056,1.7429924362424218,0.0,0.0
0,0,0,0,0,0,0,0,13.0,0.4,1.8,5.6000000000000005,0.47522521666260875,0.0,0.0,20.8,0.0,0.0,2.0,9.0,0.0,4.0,2,1,-2.189847345257931,-0.6050589835322436,0.07192369234965855,-0.4257103892593657,1.3486207693195222,0.0,0.0
0,0,0,0,0,0,0,0,9.4,2.0,5.0,3.2,0.47522521666260875,0.0,0.0,19.6,0.0,0.0,4.0,7.0,2.0,6.0,2,1,-2.0217628293741265,-0.555113439168907,-0.15622349592242432,-0.1861869499173989,1.7740837040938746,0.0,0.0
0,0,0,0,0,0,0,0,4.6000000000000005,1.2000000000000002,2.6,3.2,0.47522521666260875,0.0,0.0,11.600000000000001,0.0,0.0,5.0,3.0,1.0,3.0,2,1,-0.43292788792034315,-0.7434949234663046,-1.0032930833542109,-0.3321819637748738,1.8638876101366681,0.0,0.0
0,0,0,0,0,0,0,0,11.6,3.8,0.6000000000000001,1.6,0.47522521666260875,0.0,0.0,17.6,0.0,0.0,2.0,5.0,1.0,8.0,2,1,-1.5662717446927843,-0.3310186355823916,-0.6445192247709046,-0.4909961162030154,1.3545633461942206,0.0,0.0
0,0,0,0,0,0,0,0,8.8,6.4,1.6,0.8,0.47522521666260875,0.0,0.0,17.6,0.0,0.0,2.0,5.0,0.0,6.0,2,1,-1.4131118514818504,-0.2961499638364205,-0.4433466124319824,-0.4030632867988696,1.547897627500467,0.0,0.0
0,0,0,0,0,0,0,0,2.0,5.800000000000002,10.8,0.8,0.47522521666260875,0.0,0.0,19.400000000000002,0.0,0.0,0.0,11.0,1.0,7.0,2,1,-1.8622668892267282,-0.5297370342266602,0.315956448477817,-0.14386363627461488,1.5188339254407308,0.0,0.0
0,0,0,0,0,0,0,0,0.4,1.2000000000000002,2.6,11.2,0.47522521666260875,0.0,0.0,15.399999999999999,0.0,0.0,1.0,6.0,0.0,3.0,2,1,-0.8009934881856523,-0.8287296652918344,-0.5544051253424169,-0.559041480262565,1.1911064501054605,0.0,0.0
0,0,0,0,0,0,0,0,5.6000000000000005,1.0,8.6,1.4,0.47522521666260875,0.0,0.0,16.6,0.0,0.0,2.0,6.0,0.0,4.0,2,1,-1.3092762781020946,-0.701210926263092,-0.48803192917840577,-0.2949218078524545,1.5654436819656818,0.0,0.0
0,0,0,0,0,0,0,0,12.4,2.4000000000000004,0.0,3.0,0.47522521666260875,0.0,0.0,17.8,0.0,0.0,2.0,2.0,0.0,9.0,2,1,-1.5962990957440084,-0.2418982183767645,-1.1880910166386716,-0.6978177021331078,1.1860359007779941,0.0,0.0
0,0,0,0,0,0,0,0,0.6000000000000001,2.8000000000000003,8.200000000000001,4.2,0.47522521666260875,0.0,0.0,15.800000000000002,0.0,0.0,4.0,8.0,0.0,4.0,2,1,-1.4118711045816439,-0.6645383068443079,-0.24357547572541327,-0.21733178487113772,1.6207914509788077,0.0,0.0
0,0,0,0,0,0,0,0,4.0,2.6,9.2,2.2,0.47522521666260875,0.0,0.0,18.0,0.0,0.0,12.0,6.0,2.0,3.0,2,1,-2.2782104413147195,-0.5656614922692107,-0.08930079940878645,0.28379395264043195,1.7509433628050715,0.0,0.0
0,0,0,0,0,0,0,0,6.6000000000000005,7.6,3.6,1.2000000000000002,0.47522521666260875,0.0,0.0,19.0,0.0,0.0,5.0,9.0,1.0,7.0,2,1,-2.154854335413314,-0.23972083909122732,0.15817216889996386,-0.13224518434870947,1.7650695401206977,0.0,0.0
0,0,0,0,0,0,0,0,7.0,5.4,0.4,5.4,0.47522521666260875,0.0,0.0,18.200000000000003,0.0,0.0,4.0,7.0,0.0,5.0,2,1,-1.7475570605889994,-0.3723235901619673,-0.1702094124239473,-0.3723419097298396,1.6914338631668158,0.0,0.0
0,0,0,0,0,0,0,0,4.6000000000000005,3.8,7.4,0.6000000000000001,0.47522521666260875,0.0,0.0,16.4,0.0,0.0,6.0,7.0,1.0,6.0,2,1,-1.7484672968020765,-0.4668779433259445,-0.32402433891164834,-0.10600153328318025,1.6958787146769372,0.0,0.0
0,0,0,0,0,0,0,0,3.0,0.6000000000000001,2.8000000000000003,11.6,0.47522521666260875,0.0,0.0,18.0,0.0,0.0,4.0,5.0,1.0,4.0,2,1,-1.4905343148966694,-0.726116598899033,-0.5279522145803984,-0.4147001959381589,1.4204740623019316,0.0,0.0
0,0,0,0,0,0,0,0,3.6,0.0,2.8000000000000003,11.8,0.47522521666260875,0.0,0.0,18.2,0.0,0.0,7.0,5.0,3.0,2.0,1,2,-0.7894394266967003,-1.1458069770430885,-0.3336409282478574,0.16328650819149873,1.283206081439172,0.0,0.0
0,0,38,0,22,1,0,0,4.6000000000000005,4.800000000000002,4.2,0.0,0.47522521666260875,0.0,0.0,13.600000000000001,60.0,1.0,6.0,5.0,5.0,1.0,1,2,0.8523933717744435,0.9380320564720293,0.15153633095614186,0.17209893138916546,1.5827615047066184,0.9480782435939055,0.0
0,0,0,0,32,0,0,0,0.0,2.2,5.4,6.2,0.47522521666260875,0.0,0.0,13.8,32.0,0.0,7.0,4.0,1.0,1.0,1,2,0.5494548962414115,-0.4133873726458775,-0.17503024570126374,-0.23962305651302448,1.4706143700329943,0.0,0.0
0,0,0,0,12,0,0,0,1.0,0.0,5.2,4.6000000000000005,0.47522521666260875,0.0,0.0,10.8,12.0,0.0,7.0,5.0,1.0,1.0,1,2,0.48750432044449554,-0.9384286497103407,-0.6369231443716842,-0.043903865664454166,1.3500171663224223,0.0,0.0
2,1,0,0,0,0,0,0,1.2000000000000002,12.2,3.6,0.0,0.47522521666260875,0.0,0.0,17.0,2.0,1.0,3.0,13.0,1.0,1.0,1,2,-0.433981411113956,-0.5745481929355811,1.0997995363509236,0.7114564458629413,1.0877038464715298,0.0,0.0
0,0,45,1,0,0,0,0,7.800000000000002,7.6,0.0,1.2000000000000002,0.47522521666260875,0.0,0.0,16.6,45.0,1.0,8.0,6.0,1.0,0.0,1,2,-0.56783093437861,1.2873523057380272,-0.10979092796244244,0.27358600837084607,1.3020068162769143,0.0,0.0
0,0,0,0,0,0,0,0,3.0,9.0,0.0,6.0,0.47522521666260875,0.0,0.0,18.0,0.0,0.0,11.0,5.0,3.0,0.0,1,2,-0.8063145809968458,-0.76297339102549,0.25434508914666326,0.5728875364983321,1.4591479170272446,0.0,0.0
0,0,0,0,34,1,0,0,4.800000000000002,10.0,4.4,0.0,0.47522521666260875,0.0,0.0,19.200000000000003,34.0,1.0,4.0,6.0,6.0,0.0,1,2,0.6197163524057325,-0.25421840262242135,1.391223909655363,0.3287072096232488,1.4772603640954842,0.0,0.0
1,0,0,0,0,0,0,0,11.8,2.4000000000000004,0.0,4.800000000000002,0.47522521666260875,0.0,0.0,19.0,1.0,0.0,8.0,10.0,2.0,0.0,1,2,-1.3028857748768192,-0.9555660890725406,0.5233309814211774,0.3811968351721908,1.3052809774013663,0.0,0.0
37,2,0,0,0,0,0,0,4.0,12.0,2.8000000000000003,0.0,0.47522521666260875,0.0,0.0,18.8,37.0,2.0,4.0,12.0,2.0,0.0,1,2,-0.126663034829473,0.5282625890190106,0.9266261161962002,2.3563830401545607,1.297621122496097,0.0,0.0
18,2,0,0,0,0,0,0,2.6,7.0,0.0,7.6,0.47522521666260875,0.0,0.0,17.2,18.0,2.0,10.0,8.0,2.0,0.0,1,2,-0.5438228245239435,-0.06837115011033364,0.3194006290334032,1.518106431721273,1.46054536586763,0.0,0.0
25,8,0,0,0,0,0,0,4.800000000000002,0.0,6.2,6.2,0.47522521666260875,0.0,0.0,17.200000000000003,25.0,8.0,5.0,6.0,5.0,0.0,1,2,0.582003127755371,0.38741756295884344,0.3043981553116499,3.068832189282542,1.5751104377103071,0.0,0.0
0,0,0,0,0,0,0,0,4.800000000000002,3.8,10.8,0.0,0.47522521666260875,0.0,0.0,19.400000000000002,0.0,0.0,12.0,5.0,4.0,0.0,1,2,-1.285750097206743,-1.010845804687512,0.22589403109234832,0.9037229572213403,1.4296690495112188,0.0,0.0
17,1,0,0,0,0,0,0,7.0,2.4000000000000004,0.0,2.4000000000000004,0.47522521666260875,0.0,0.0,11.8,17.0,1.0,4.0,4.0,3.0,0.0,1,2,1.0105988882685646,-0.5917095498313472,-0.6634067484924894,0.9947024174838485,1.3815582085079163,0.0,0.0
0,0,0,0,0,0,0,0,9.4,5.2,0.0,6.4,0.47522521666260875,0.0,0.0,21.0,0.0,0.0,5.0,7.0,7.0,1.0,1,2,-0.6739079485663036,-1.16839358093148,0.6768400169709996,0.6037528711824464,1.5401778157564336,0.0,0.0
19,0,0,0,14,0,0,0,8.0,10.2,4.6000000000000005,0.0,0.47522521666260875,0.0,0.0,22.8,33.0,0.0,5.0,10.0,5.0,0.0,1,2,-0.6453351697181148,-0.10037916317410611,1.3457105418213842,1.3734378139339005,1.5152343893809515,0.9833761901392236,0.0
0,0,0,0,1,1,0,0,0.0,2.2,5.800000000000002,8.6,0.47522521666260875,0.0,0.0,16.6,1.0,1.0,7.0,6.0,3.0,0.0,1,2,-0.3022356283282665,-1.0992875373378093,0.13725873852394485,0.3475103933087413,1.4079962853722252,0.0,0.0
0,0,0,0,0,8,0,0,0.0,3.6,1.2000000000000002,3.4000000000000004,0.47522521666260875,0.0,0.0,8.2,0.0,8.0,4.0,4.0,1.0,2.0,1,2,1.6456869131620406,-0.21868094095293023,0.4006804409793732,-0.27176963656941233,1.4537643623852952,0.0,0.0
0,0,0,0,0,0,0,0,3.0,0.8,0.0,10.8,0.47522521666260875,0.0,0.0,14.600000000000001,0.0,0.0,2.0,12.0,0.0,2.0,1,2,-0.36855885197383537,-1.15450773773304,0.06366406531363036,-0.218800545124034,1.020409708866934,0.0,0.0
0,0,0,0,0,0,0,0,0.0,2.6,13.0,6.800000000000002,0.47522521666260875,0.0,0.0,22.400000000000002,0.0,0.0,13.0,5.0,3.0,0.0,1,2,-1.9028262986008633,-1.018458896478432,0.25298695377134134,0.8382185136406245,1.3383070579040748,0.0,0.0
0,0,0,0,0,0,0,0,6.4,0.0,3.4000000000000004,5.800000000000002,0.47522521666260875,0.0,0.0,15.600000000000003,0.0,0.0,7.0,7.0,2.0,0.0,1,2,-0.5056017411071835,-1.1917765765359676,-0.14596776810421508,0.24472950119979966,1.537090460401282,0.0,0.0
0,0,0,0,25,0,0,0,0.0,1.8,1.2000000000000002,10.2,0.47522521666260875,0.0,0.0,13.2,25.0,0.0,2.0,2.0,2.0,0.0,1,2,1.3532143223872457,-0.7791021447882637,-0.47059460181545665,-0.394660353716404,0.9938972639364229,0.0,0.0
0,0,0,0,26,0,0,0,0.0,9.0,5.4,2.2,0.47522521666260875,0.0,0.0,16.6,26.0,0.0,2.0,10.0,2.0,0.0,1,2,0.44334851774394685,-0.5036524635799127,1.052700175290925,0.08112944249794463,1.3922791940184995,0.0,0.0
0,0,0,0,0,0,0,0,5.800000000000002,0.0,1.0,0.4,0.47522521666260875,0.0,0.0,7.200000000000002,0.0,0.0,0.0,8.0,0.0,0.0,1,2,1.301824043938668,-1.3314666388178922,-0.6897841180245201,-0.2157732850788527,0.8785058532996345,0.0,0.0
6,5,0,0,0,0,0,0,4.2,1.4,0.0,6.0,0.47522521666260875,0.0,0.0,11.6,6.0,5.0,8.0,8.0,1.0,0.0,1,2,0.3289386574943281,-0.25717488754180434,-0.01432634881991493,1.3890261281149414,1.3907936123514901,0.0,0.0
0,0,0,0,0,0,0,0,0.0,5.4,0.8,4.4,0.47522521666260875,0.0,0.0,10.600000000000001,0.0,0.0,7.0,4.0,0.0,1.0,1,2,0.4338761557116887,-0.8871613313932877,-0.7709435388615773,0.03735452477436524,1.3035910551587806,0.0,0.0
0,0,0,0,0,0,0,0,0.4,0.0,2.2,4.4,0.47522521666260875,0.0,0.0,7.000000000000001,0.0,0.0,3.0,4.0,0.0,1.0,1,2,1.2679936162605085,-1.2468238380202104,-1.2541847056319155,-0.22576842616707374,1.1818189193726576,0.0,0.0
0,0,0,0,10,0,0,0,0.0,1.2000000000000002,4.4,5.0,0.47522521666260875,0.0,0.0,10.600000000000001,10.0,0.0,5.0,4.0,1.0,0.0,1,2,0.8772569952722236,-1.0284304543151428,-0.6777351088431793,-0.061527703954758255,1.3937001647761127,0.0,0.0
19,8,0,0,33,0,0,0,4.6000000000000005,1.6,4.2,0.0,0.47522521666260875,0.0,0.0,10.4,52.0,8.0,5.0,6.0,2.0,1.0,1,2,1.9130619033761331,1.1240730385903983,0.2683080479758347,2.1564890465624,1.4642745091475295,0.9470622432515328,0.0
54,0,0,0,11,0,0,0,1.2000000000000002,0.0,0.0,1.2000000000000002,0.47522521666260875,0.0,0.0,2.4000000000000004,65.0,0.0,1.0,2.0,0.0,1.0,1,2,3.201808129433841,0.45437352489056515,-2.1811883375444223,1.4905954977690417,1.0,0.6559420757694151,0.0
0,0,0,0,64,0,0,0,4.2,2.0,5.2,0.0,0.47522521666260875,0.0,0.0,11.4,64.0,0.0,3.0,2.0,3.0,0.0,1,2,2.268658743344842,0.017047432099794972,0.14888295005056826,-0.5764454213126242,1.487813180850777,0.0,0.0
0,0,0,0,2,0,0,0,4.4,0.0,3.6,4.2,0.47522521666260875,0.0,0.0,12.200000000000001,2.0,0.0,6.0,4.0,5.0,0.0,1,2,0.6251488735720885,-1.3818767805960908,-0.4711248183005796,0.35512950746142563,1.5798387881475398,0.0,0.0
4,0,0,0,0,0,0,0,4.0,4.6000000000000005,0.0,4.6000000000000005,0.47522521666260875,0.0,0.0,13.200000000000003,4.0,0.0,6.0,6.0,5.0,0.0,1,2,0.4923537379446606,-1.1177981798702272,-0.050408796359444646,0.5788011952786534,1.5819333333528498,0.0,0.0
72,16,0,0,26,0,0,0,3.2,2.6,1.0,0.0,0.47522521666260875,0.0,0.0,6.800000000000001,98.0,16.0,2.0,3.0,0.0,0.0,1,2,3.970674693846785,3.609372358049346,-0.465378442044885,5.547963702025647,1.4487758762423686,0.8346482851813828,0.0
0,0,10,10,23,1,0,0,0.4,4.2,0.0,4.800000000000002,0.47522521666260875,0.0,0.0,9.400000000000002,33.0,11.0,5.0,1.0,0.0,1.0,1,2,1.6397864872643477,1.9533873711001866,-0.31271245396276137,-0.40030199882563694,1.2082534070890905,0.884963636383153,0.4394969869215135
0,0,0,0,11,0,0,0,0.0,4.2,2.2,2.6,0.47522521666260875,0.0,0.0,9.0,11.0,0.0,1.0,7.0,3.0,0.0,1,2,1.6160355870970282,-1.13199328671699,-0.1532010597786287,0.0016849137011287303,1.5274502070141538,0.0,0.0
0,0,0,0,44,2,0,0,0.0,2.2,2.0,1.0,0.47522521666260875,0.0,0.0,5.2,44.0,2.0,4.0,0.0,2.0,2.0,1,2,2.8436538627798957,-0.0723452962072945,-0.6324836662833035,-0.6683806316954889,1.5126447478210652,0.0,0.0
0,0,0,0,32,0,0,0,0.0,1.8,1.4,0.0,0.47522521666260875,0.0,0.0,3.2,32.0,0.0,2.0,0.0,2.0,1.0,1,2,3.0527859509133175,-0.6609298805855118,-1.237877457611979,-0.532365400796885,0.9886994082884976,0.0,0.0
0,0,0,0,0,0,0,0,1.6,0.0,1.2000000000000002,5.4,0.47522521666260875,0.0,0.0,8.200000000000001,0.0,0.0,7.0,1.0,1.0,0.0,1,2,1.0125216541938313,-1.200726224965141,-1.3725967264816656,-0.03674552694649574,1.2626315762585572,0.0,0.0
33,0,0,0,0,0,0,0,1.0,1.2000000000000002,0.4,0.0,0.47522521666260875,0.0,0.0,2.6,33.0,0.0,2.0,2.0,1.0,0.0,1,2,2.771838172309819,-0.3997883881327942,-1.90048787042929,1.0435906622775704,1.4604846813131114,0.0,0.0
19,3,0,0,6,0,0,0,0.0,0.8,5.0,2.6,0.47522521666260875,0.0,0.0,8.4,25.0,3.0,5.0,4.0,1.0,0.0,1,2,1.539900195347166,-0.19705802513631904,-0.8804094198636395,1.3323208747981066,1.2922669208691815,0.7950402793845224,0.0
0,0,0,0,65,0,0,0,0.0,1.2000000000000002,1.0,5.0,0.47522521666260875,0.0,0.0,7.2,65.0,0.0,5.0,1.0,2.0,0.0,1,2,2.7852669288787375,0.03808878114357094,-0.34929662282590423,-0.8321594373571012,1.1917077730219827,0.0,0.0
0,0,0,0,9,0,0,0,3.4000000000000004,6.2,0.0,3.0,0.47522521666260875,0.0,0.0,12.600000000000001,9.0,0.0,9.0,6.0,3.0,0.0,1,2,0.2692415848772178,-0.8015705671103001,0.048689500503051014,0.31702288193420547,1.5063225765574295,0.0,0.0
0,0,0,0,5,0,0,0,4.2,2.6,0.0,2.6,0.47522521666260875,0.0,0.0,9.4,5.0,0.0,3.0,5.0,3.0,0.0,1,2,1.2843412957924314,-1.192748854627823,-0.5086770612170439,0.041022745990733855,1.5450122867835447,0.0,0.0
0,0,0,0,0,0,0,0,0.8,6.0,0.0,2.0,0.47522521666260875,0.0,0.0,8.8,0.0,0.0,3.0,6.0,1.0,2.0,1,2,1.012733388304522,-0.9918788472537207,-0.6355260360824926,-0.032858820332436665,1.1770225546116344,0.0,0.0
4,0,0,0,26,1,0,0,0.0,2.6,2.4000000000000004,7.4,0.47522521666260875,0.0,0.0,12.4,30.0,1.0,5.0,2.0,2.0,0.0,1,2,1.3027200702906139,-0.44167514721851275,-0.3070941357242508,-0.1119859650881836,1.375566618890759,0.5665095065529052,0.0
35,14,0,0,78,9,0,0,4.0,0.0,3.0,0.2,0.47522521666260875,0.0,0.0,7.2,113.0,23.0,1.0,3.0,0.0,0.0,1,2,5.004638591800024,4.17506958465871,2.075653662023137,2.8322482823093016,1.1409827561124506,0.8928667618459029,0.9656361333706098
25,3,1,1,41,8,0,0,2.8000000000000003,2.8000000000000003,0.0,2.0,0.47522521666260875,0.0,0.0,7.600000000000001,67.0,12.0,2.0,2.0,4.0,0.0,1,2,3.7487047885959917,1.6671981108776197,1.0386091613845527,0.9467170307941292,1.5683164932728872,1.0548050571188239,1.188721875540867
0,0,0,0,94,5,0,0,0.0,2.4000000000000004,2.4000000000000004,3.2,0.47522521666260875,0.0,0.0,8.0,94.0,5.0,3.0,1.0,4.0,1.0,1,2,3.8994390266271832,1.0984747080108646,1.1378612634819292,-1.1875003555880128,1.5709505944546687,0.0,0.0
29,0,0,0,18,3,0,0,3.4000000000000004,2.0,0.0,3.8,0.47522521666260875,0.0,0.0,9.2,47.0,3.0,5.0,4.0,4.0,0.0,1,2,2.081558110676602,0.17606300690230253,-0.18477283996010535,0.9828923525083707,1.5362408255014146,0.9601186626422924,0.0
0,0,0,0,2,0,0,0,1.8,5.0,2.4000000000000004,0.0,0.47522521666260875,0.0,0.0,9.200000000000001,2.0,0.0,4.0,3.0,1.0,0.0,1,2,1.1722573188606498,-1.0284273465772964,-0.8023867426765733,0.07493488232850953,1.444316743752604,0.0,0.0
0,0,0,0,0,0,0,0,3.8,2.0,0.0,1.8,0.47522521666260875,0.0,0.0,7.6,0.0,0.0,4.0,1.0,2.0,0.0,1,2,1.5219768979350556,-1.2213472054077832,-1.241570895019453,-0.010429172832561607,1.4990004419361498,0.0,0.0
0,0,0,0,0,0,0,0,3.6,0.4,5.0,0.0,0.47522521666260875,0.0,0.0,9.0,0.0,0.0,1.0,5.0,6.0,0.0,1,2,1.6190380378908495,-1.6381825614136882,-0.49642087201592444,0.35158727902501885,1.1995185458779027,0.0,0.0
0,0,0,0,0,0,0,0,0.0,1.8,4.800000000000002,2.8000000000000003,0.47522521666260875,0.0,0.0,9.400000000000002,0.0,0.0,3.0,6.0,3.0,0.0,1,2,1.1178843819600468,-1.4036944855651616,-0.5070967912372885,0.2044065765815536,1.472218767867105,0.0,0.0
8,4,0,0,0,0,0,0,1.8,4.800000000000002,0.0,2.0,0.47522521666260875,0.0,0.0,8.600000000000001,8.0,4.0,3.0,7.0,2.0,0.0,1,2,1.523494528344799,-0.42146663850526056,-0.18548047029652132,1.2339278469007424,1.4312018249541403,0.0,0.0
0,0,0,0,0,0,0,0,0.0,2.2,6.2,3.2,0.47522521666260875,0.0,0.0,11.600000000000001,0.0,0.0,8.0,3.0,3.0,1.0,1,2,0.3711969353998439,-1.1718971106553997,-0.7516615685271503,0.3612214920023932,1.4505011084550996,0.0,0.0
0,0,0,0,2,59,0,0,1.4,0.0,1.6,2.2,0.47522521666260875,0.0,0.0,5.2,2.0,59.0,2.0,3.0,1.0,0.0,1,2,6.083527275778993,4.951150133680756,9.144063104143937,-1.6602286461942115,1.557930785086727,0.0,0.0
0,1,0,0,20,14,0,0,0.0,4.0,4.0,3.4000000000000004,0.47522521666260875,0.0,0.0,11.4,20.0,15.0,5.0,3.0,6.0,0.0,1,2,2.5511526187820954,0.6453875551394351,2.4224988681451363,0.11354156512462815,1.5808901528182457,0.0,0.35335933502142136
2,2,0,0,0,0,0,0,0.0,3.8,6.800000000000002,1.4,0.47522521666260875,0.0,0.0,12.000000000000002,2.0,2.0,4.0,6.0,2.0,0.0,1,2,0.7052839109461199,-0.8843184523987888,-0.1916072453307895,0.7933402736181775,1.351293198736137,0.0,0.0
0,0,0,0,0,0,0,0,3.4000000000000004,5.0,0.0,2.4000000000000004,0.47522521666260875,0.0,0.0,10.8,0.0,0.0,4.0,5.0,2.0,0.0,1,2,0.8465938217610913,-1.1058962542005395,-0.4498692247009185,0.13426212757333733,1.521501890047214,0.0,0.0
0,0,0,0,29,0,0,0,0.0,3.0,5.0,4.6000000000000005,0.47522521666260875,0.0,0.0,12.600000000000001,29.0,0.0,6.0,4.0,5.0,0.0,1,2,1.207641752826604,-0.7594670432486986,0.08667406941878911,0.11182204259514575,1.5528086748045644,0.0,0.0
0,0,0,0,23,1,0,0,2.8000000000000003,0.0,2.4000000000000004,3.0,0.47522521666260875,0.0,0.0,8.200000000000001,23.0,1.0,2.0,5.0,3.0,0.0,1,2,1.9385214465181448,-0.8899814652441325,-0.26077877987526343,-0.2649804632028314,1.5788720570183739,0.0,0.0
0,0,0,0,0,1,0,0,0.0,4.800000000000002,1.0,1.4,0.47522521666260875,0.0,0.0,7.200000000000001,0.0,1.0,5.0,0.0,1.0,2.0,1,2,1.48043088765407,-0.8597912797142682,-1.291077579389422,-0.07903835174699715,1.2449187529382069,0.0,0.0
0,0,0,0,10,5,0,0,2.8000000000000003,0.0,2.2,2.6,0.47522521666260875,0.0,0.0,7.6000000000000005,10.0,5.0,3.0,2.0,2.0,1.0,1,2,1.9886273897357871,-0.5740434922488338,-0.2641538881374062,-0.3222105385414404,1.5778634858211926,0.0,0.0
25,5,0,0,0,0,0,0,0.0,0.2,8.200000000000001,2.0,0.47522521666260875,0.0,0.0,10.4,25.0,5.0,2.0,6.0,0.0,2.0,1,2,1.2231254617119804,0.17538436638062266,-0.7904395178281132,1.9149426371893374,0.8373836962523409,0.0,0.0
6,0,0,0,0,0,11,9,4.2,3.2,3.4000000000000004,0.0,0.47522521666260875,0.0,0.0,10.8,17.0,9.0,2.0,4.0,3.0,3.0,2,2,1.5667258500893866,0.745645177017411,0.020522789969700528,-1.4890007787903274,1.5747850173558806,0.9366673818775626,0.0
6,12,0,0,4,4,0,0,3.6,7.2,3.4000000000000004,0.0,0.47522521666260875,0.0,0.0,14.200000000000001,10.0,16.0,2.0,8.0,5.0,5.0,2,2,1.4212103270204226,1.2389750672239048,2.1612777895742328,2.77515058727037,1.4925243254322789,0.9709505944546687,0.8112781244591327
0,0,0,0,5,5,0,0,0.0,6.800000000000002,3.6,5.0,0.47522521666260875,0.0,0.0,15.4,5.0,5.0,8.0,8.0,4.0,9.0,2,2,-0.46634218214226725,-0.10584219312948669,1.284083778601481,-0.0661096473440029,1.5378411981904692,0.0,0.0
0,0,0,0,0,0,6,0,4.0,4.2,1.8,0.0,0.47522521666260875,0.0,0.0,10.0,6.0,0.0,6.0,2.0,2.0,8.0,2,2,0.3407303727964242,-0.6008691580671303,-0.9030461128064199,-0.38169881547479506,1.4997251339930844,0.0,0.0
61,1,0,0,0,0,0,0,0.8,4.2,4.800000000000002,0.0,0.47522521666260875,0.0,0.0,9.8,61.0,1.0,4.0,1.0,4.0,4.0,2,2,1.9249059573459832,0.6989987781881978,-1.1519378855826428,2.5316108741783245,1.3233268666527243,0.0,0.0
6,0,0,0,3,0,1,0,4.0,0.0,2.2,3.4000000000000004,0.47522521666260875,0.0,0.0,9.600000000000001,10.0,0.0,3.0,2.0,4.0,5.0,2,2,1.1308681661776365,-1.0305278703590541,-0.7726482812504626,-0.041077576876721485,1.5437296256375461,1.295461844238322,0.0
0,0,0,0,0,0,71,3,4.800000000000002,0.0,4.4,3.2,0.47522521666260875,0.0,0.0,12.400000000000002,71.0,3.0,6.0,4.0,4.0,2.0,2,2,0.8572464302903573,1.1285303924553867,-0.548252725929621,-2.120739066796906,1.5647350905912576,0.0,0.0
0,0,0,0,0,0,7,0,10.2,2.2,5.6000000000000005,0.0,0.47522521666260875,0.0,0.0,18.0,7.0,0.0,6.0,13.0,2.0,5.0,2,2,-1.5197303825879878,-0.7633668470451751,0.998676633939855,-0.021864650828301264,1.3590377845166808,0.0,0.0
0,0,0,0,0,0,0,0,1.2000000000000002,0.0,7.6,3.6,0.47522521666260875,0.0,0.0,12.399999999999999,0.0,0.0,3.0,7.0,0.0,6.0,2,2,-0.17932871331558603,-1.0748821390611456,-0.33515614689278295,-0.32148869499939026,1.2769435597232492,0.0,0.0
0,0,0,0,0,0,0,0,3.2,8.200000000000001,3.4000000000000004,0.0,0.47522521666260875,0.0,0.0,14.8,0.0,0.0,3.0,8.0,2.0,8.0,2,2,-0.4116962019393114,-0.6959916522689328,0.30548344031028274,-0.07917550582512195,1.4372033589992579,0.0,0.0
0,0,0,0,3,0,0,0,0.0,4.6000000000000005,4.0,2.4000000000000004,0.47522521666260875,0.0,0.0,11.000000000000002,3.0,0.0,4.0,5.0,2.0,6.0,2,2,0.43170264089811283,-0.9114053419799275,-0.2611211111820702,-0.18546145715276174,1.5359044972389795,0.0,0.0
0,0,0,0,0,0,0,0,0.0,5.0,5.6000000000000005,1.2000000000000002,0.47522521666260875,0.0,0.0,11.8,0.0,0.0,7.0,2.0,6.0,3.0,2,2,0.6845411606328935,-1.233446070711708,-0.07320209609352213,0.39363309230484306,1.3705732601023841,0.0,0.0
0,0,0,0,0,0,0,0,5.0,1.2000000000000002,4.800000000000002,0.0,0.47522521666260875,0.0,0.0,11.000000000000002,0.0,0.0,6.0,1.0,7.0,2.0,2,2,0.9910060909152831,-1.460196903342654,-0.25980087822103043,0.36434794761286426,1.3878091723246087,0.0,0.0
0,0,0,0,0,0,67,2,0.0,3.4000000000000004,0.4,1.6,0.47522521666260875,0.0,0.0,5.4,67.0,2.0,1.0,0.0,5.0,8.0,2,2,2.4293517112915124,1.0294347236015382,-1.7009395601452943,-2.3141641967860562,1.2183368243391808,0.0,0.0
5,0,0,0,0,0,1,0,1.6,0.0,1.6,1.2000000000000002,0.47522521666260875,0.0,0.0,4.4,6.0,0.0,0.0,2.0,2.0,0.0,2,2,2.4167997643030725,-1.3947027039219337,-0.8977465197009181,-0.1544668124771484,1.5726236638951638,0.6500224216483541,0.0
21,0,0,0,0,0,0,0,5.2,3.4000000000000004,4.4,0.0,0.47522521666260875,0.0,0.0,13.0,21.0,0.0,4.0,3.0,7.0,4.0,2,2,0.9243476519328492,-0.7177143889719055,-0.188005255789034,1.0919767108096947,1.563817096367767,0.0,0.0
52,2,0,0,0,0,0,0,3.4000000000000004,1.6,0.0,3.4000000000000004,0.47522521666260875,0.0,0.0,8.4,52.0,2.0,3.0,1.0,3.0,2.0,2,2,2.219434936749126,0.43906695341320334,-1.135151700501494,2.1482705292978452,1.5119903608141998,0.0,0.0
51,2,0,0,4,0,0,0,0.0,1.0,1.8,3.2,0.47522521666260875,0.0,0.0,6.0,55.0,2.0,0.0,3.0,4.0,8.0,2,2,2.480659520384668,0.5378342262600654,-1.4044439889393265,1.837859402159174,1.435591746027931,0.3760198509692727,0.0
0,0,0,0,0,0,0,0,3.0,3.8,0.0,3.6,0.47522521666260875,0.0,0.0,10.4,0.0,0.0,4.0,5.0,1.0,7.0,2,2,0.28444824689014275,-0.8563742407822509,-0.5275318087362605,-0.3882404357531225,1.5778891082272934,0.0,0.0
0,0,0,0,0,0,0,0,6.0,0.0,3.6,10.4,0.47522521666260875,0.0,0.0,20.0,0.0,0.0,9.0,10.0,4.0,0.0,2,2,-1.391063363663997,-1.3445003720138735,1.183545628602396,0.3536243136548373,1.456973857399185,0.0,0.0
0,0,0,0,21,18,4,0,6.2,3.2,5.800000000000002,0.0,0.47522521666260875,0.0,0.0,15.200000000000003,25.0,18.0,5.0,4.0,8.0,5.0,2,2,1.8437767314047067,1.1675244252994073,3.750557858540377,-0.3648181985565956,1.531328375539734,0.634309554640566,0.0
0,0,0,0,57,3,0,0,3.0,3.6,0.0,2.8000000000000003,0.47522521666260875,0.0,0.0,9.4,57.0,3.0,4.0,6.0,3.0,2.0,2,2,2.2477563284565654,0.2360114649957859,1.4085537796924403,-0.8394054228346951,1.5766105991479382,0.0,0.0
0,0,0,0,0,0,0,0,0.0,0.4,6.4,4.6000000000000005,0.47522521666260875,0.0,0.0,11.400000000000002,0.0,0.0,8.0,0.0,5.0,2.0,2,2,0.6602741443747391,-1.382817252753103,-0.5435871366064462,0.23749301777266396,1.1654878213698068,0.0,0.0
0,0,0,0,0,0,0,0,4.2,0.0,0.2,1.4,0.47522521666260875,0.0,0.0,5.8,0.0,0.0,2.0,0.0,5.0,5.0,2,2,1.9023434277692268,-1.3820051355522596,-1.1401234279112926,-0.2517111847068405,0.9996999491704276,0.0,0.0
0,0,0,0,0,0,0,0,0.0,6.4,2.8000000000000003,3.2,0.47522521666260875,0.0,0.0,12.400000000000002,0.0,0.0,3.0,7.0,2.0,4.0,2,2,0.33845255824928583,-1.0198662981033464,0.2316807260954344,-0.06461947639998934,1.4815677795996742,0.0,0.0
0,0,0,0,0,0,0,0,0.6000000000000001,0.2,0.0,2.2,0.47522521666260875,0.0,0.0,3.0,0.0,0.0,1.0,0.0,3.0,6.0,2,2,2.2476586107272407,-1.3021766301795072,-1.52796546980302,-0.5147158369557966,1.0529815751302694,0.0,0.0
0,0,0,0,0,0,0,0,2.6,0.8,0.0,0.8,0.47522521666260875,0.0,0.0,4.2,0.0,0.0,0.0,1.0,2.0,8.0,2,2,1.8528614626612232,-1.1170943617720273,-1.5184773252434443,-0.6396081819244646,1.3396642639295127,0.0,0.0
0,0,0,0,3,0,0,0,2.6,0.2,2.0,0.0,0.47522521666260875,0.0,0.0,4.800000000000001,3.0,0.0,4.0,0.0,3.0,6.0,2,2,1.668155030715725,-1.1309177178891576,-1.3411590942497804,-0.35681934843329743,1.1964209471916636,0.0,0.0
0,0,0,0,0,0,0,0,2.6,0.0,1.8,3.0,0.47522521666260875,0.0,0.0,7.4,0.0,0.0,3.0,1.0,5.0,1.0,2,2,1.802832228436898,-1.5713443528181024,-0.6342227959425754,-0.02257778551679743,1.5543614660899556,0.0,0.0
18,2,0,0,0,0,0,0,2.4000000000000004,1.6,0.0,0.4,0.47522521666260875,0.0,0.0,4.4,18.0,2.0,2.0,0.0,1.0,10.0,2,2,1.8089915787442459,-0.08352635548252728,-1.8484151510864408,0.3810376957084374,1.3221793455166668,0.0,0.0
81,23,0,0,0,0,0,0,2.2,0.0,0.8,1.2000000000000002,0.47522521666260875,0.0,0.0,4.2,81.0,23.0,1.0,0.0,2.0,5.0,2,2,4.462794646166174,4.187774753447444,-0.7556448727653472,7.315832756685107,1.4607210985246075,0.0,0.0
44,0,0,0,0,0,0,0,2.8000000000000003,1.4,2.0,0.0,0.47522521666260875,0.0,0.0,6.2,44.0,0.0,1.0,3.0,1.0,5.0,2,2,1.9968401196213308,0.09298380656907448,-1.4446877666665139,1.1863929072223893,1.529237139029349,0.0,0.0
0,0,0,0,0,0,16,11,0.0,2.0,2.0,2.4000000000000004,0.47522521666260875,0.0,0.0,6.4,16.0,11.0,2.0,4.0,1.0,7.0,2,2,1.8824196769011505,1.216955227238032,-0.6546951349568599,-2.580253463168384,1.5794340029249652,0.0,0.0
0,0,0,0,0,0,0,0,2.6,0.0,1.8,3.2,0.47522521666260875,0.0,0.0,7.6000000000000005,0.0,0.0,2.0,4.0,2.0,5.0,2,2,1.1283426980126188,-1.2498858458474777,-0.7788505446927579,-0.38994099148120653,1.547005372685296,0.0,0.0
0,0,0,0,0,0,0,0,0.6000000000000001,3.4000000000000004,0.0,1.6,0.47522521666260875,0.0,0.0,5.6000000000000005,0.0,0.0,2.0,0.0,2.0,6.0,2,2,1.7310054523539595,-1.057973895194088,-1.2793347434221705,-0.4477068569129527,1.298720786221203,0.0,0.0
9,8,0,0,0,0,10,6,1.4,3.8,0.2,0.0,0.47522521666260875,0.0,0.0,5.3999999999999995,19.0,14.0,1.0,0.0,4.0,9.0,2,2,2.814260380592048,1.5981775149420356,-0.7435239818322162,0.4256644603231715,1.0377724203178629,0.9980008838722996,0.9852281360342514
0,0,0,0,0,0,20,0,3.6,0.0,0.6000000000000001,3.6,0.47522521666260875,0.0,0.0,7.800000000000001,20.0,0.0,6.0,1.0,3.0,4.0,2,2,1.1311557412091289,-0.6565508720872201,-1.1177280900296962,-0.7119903454628662,1.314320486706179,0.0,0.0
0,0,0,0,0,0,51,3,3.0,4.0,0.0,0.2,0.47522521666260875,0.0,0.0,7.2,51.0,3.0,2.0,0.0,6.0,8.0,2,2,2.0843729517388123,0.7952029555017216,-1.3088866706470086,-1.9145385446469825,1.1409827561124506,0.0,0.0
14,2,0,0,0,0,14,9,1.0,2.0,0.0,2.6,0.47522521666260875,0.0,0.0,5.6,28.0,11.0,2.0,1.0,3.0,1.0,2,2,2.9980032757799857,1.1301510028660584,-0.5537930761465039,-1.0081848875893944,1.4882607163738673,1.0,0.6840384356390415
0,0,0,0,0,0,0,0,2.6,0.0,3.4000000000000004,0.4,0.47522521666260875,0.0,0.0,6.4,0.0,0.0,4.0,0.0,3.0,5.0,2,2,1.4248161168899287,-1.238044074631523,-1.221328150761319,-0.24084439672864597,1.2627317300909386,0.0,0.0
0,0,0,0,0,0,0,0,2.8000000000000003,0.0,1.0,3.8,0.47522521666260875,0.0,0.0,7.6,0.0,0.0,4.0,1.0,5.0,9.0,2,2,1.063439748298414,-1.1516439280972943,-1.2168468554752636,-0.3097172132990726,1.4157371940048646,0.0,0.0
0,7,0,0,0,0,0,0,3.2,1.0,0.0,3.0,0.47522521666260875,0.0,0.0,7.2,0.0,7.0,4.0,0.0,4.0,3.0,2,2,2.022890613544506,-0.3670949057544356,-0.45248284354552903,1.293335045356921,1.441786128982185,0.0,0.0
0,0,0,0,0,0,0,0,4.4,0.0,2.6,0.6000000000000001,0.47522521666260875,0.0,0.0,7.6000000000000005,0.0,0.0,3.0,0.0,3.0,6.0,2,2,1.2537053343303437,-1.1777362227110224,-1.2233760710134505,-0.31773820727389085,1.275082791127317,0.0,0.0
0,0,0,0,0,0,0,0,0.0,2.0,1.4,0.2,0.47522521666260875,0.0,0.0,3.5999999999999996,0.0,0.0,1.0,0.0,2.0,6.0,2,2,2.1042049100496243,-1.1715837661743917,-1.4632334651274135,-0.48668068159241656,1.2326602568158205,0.0,0.0
0,0,0,0,0,0,0,0,1.6,0.0,1.2000000000000002,4.6000000000000005,0.47522521666260875,0.0,0.0,7.4,0.0,0.0,2.0,1.0,7.0,6.0,2,2,1.7154369568566203,-1.4820237060078227,-0.8871928917377859,-0.12605406672368172,1.3296776901252139,0.0,0.0
0,0,0,0,0,0,0,0,4.4,0.0,4.0,0.6000000000000001,0.47522521666260875,0.0,0.0,9.0,0.0,0.0,4.0,1.0,5.0,4.0,2,2,1.1770981390601862,-1.3687792524041122,-0.7339039071214527,-0.0009342619029515291,1.2851654294423136,0.0,0.0
52,2,0,0,0,0,0,0,2.0,0.0,3.4000000000000004,0.2,0.47522521666260875,0.0,0.0,5.6000000000000005,52.0,2.0,5.0,0.0,1.0,1.0,2,2,2.3589608994259326,0.44620826602449193,-1.529476572510877,2.140528475152038,1.1392781631244115,0.0,0.0
45,5,0,0,0,0,0,0,1.6,1.8,0.0,0.6000000000000001,0.47522521666260875,0.0,0.0,4.0,45.0,5.0,0.0,1.0,3.0,2.0,2,2,3.330434916731544,0.524695738963074,-1.1201430252676605,2.3997597045789245,1.4577174691301484,0.0,0.0
5,0,0,0,0,0,2,1,1.0,0.0,1.4,0.0,0.47522521666260875,0.0,0.0,2.4,7.0,1.0,2.0,0.0,1.0,1.0,2,2,2.5537297224336806,-1.0516290352995172,-1.3472880921259907,-0.41425959904373755,0.9798687566511527,0.863120568566631,0.0
41,1,0,0,0,0,0,0,1.2000000000000002,3.0,0.0,4.800000000000002,0.47522521666260875,0.0,0.0,9.000000000000002,41.0,1.0,5.0,1.0,6.0,1.0,2,2,2.10774884789965,-0.15068238956058305,-0.7131469653915515,1.8765547912702083,1.3995812306460644,0.0,0.0
28,0,0,0,0,0,0,0,0.0,0.8,0.8,2.0,0.47522521666260875,0.0,0.0,3.5999999999999996,28.0,0.0,3.0,1.0,1.0,1.0,2,2,2.457216455247189,-0.571184828745012,-1.4043155017897075,0.6851499060988601,1.4355205042826669,0.0,0.0
0,0,0,0,0,0,1,1,0.0,3.0,3.0,0.0,0.47522521666260875,0.0,0.0,6.0,1.0,1.0,5.0,0.0,3.0,1.0,2,2,1.8532356433482273,-1.1221432508244882,-0.7788931889119542,-0.18177806769557397,1.0,0.0,0.0
0,0,0,0,0,0,0,0,1.0,3.8,0.0,5.2,0.47522521666260875,0.0,0.0,10.0,0.0,0.0,8.0,1.0,4.0,4.0,2,2,0.6925220240438944,-1.074501075217028,-0.5865619124365148,0.006603509106319401,1.353222271744058,0.0,0.0
0,0,0,0,0,0,0,0,0.0,5.4,1.2000000000000002,3.0,0.47522521666260875,0.0,0.0,9.600000000000001,0.0,0.0,5.0,1.0,4.0,0.0,2,2,1.4077942822430405,-1.2927676112189865,-0.24102158205860685,0.1367175359478726,1.3663146570363986,0.0,0.0
0,0,0,0,0,0,0,0,1.0,0.0,0.2,1.2000000000000002,0.47522521666260875,0.0,0.0,2.4000000000000004,0.0,0.0,2.0,0.0,1.0,0.0,2,2,2.511110497187153,-1.4609026939151855,-1.2522498158015702,-0.40227237560199675,1.3250112108241772,0.0,0.0
0,0,0,0,0,0,0,0,0.0,1.0,1.0,3.2,0.47522521666260875,0.0,0.0,5.2,0.0,0.0,0.0,1.0,4.0,8.0,2,2,1.9015196895790094,-1.2533633321609134,-1.3300832984495417,-0.48228596415153574,1.3458519893382606,0.0,0.0
0,0,0,0,0,0,0,0,1.8,0.0,2.2,0.4,0.47522521666260875,0.0,0.0,4.4,0.0,0.0,2.0,0.0,3.0,4.0,2,2,2.0380795365988797,-1.3608752274889986,-1.282515883104562,-0.3225975619243933,1.342019217819521,0.0,0.0
0,0,0,0,0,0,0,0,2.2,2.2,1.0,0.0,0.47522521666260875,0.0,0.0,5.4,0.0,0.0,2.0,0.0,4.0,2.0,2,2,2.174081520301934,-1.4058055297919736,-0.9035242668468916,-0.13725207308182458,1.5061046842206038,0.0,0.0
26,1,0,0,0,0,0,0,3.2,0.0,1.2000000000000002,2.2,0.47522521666260875,0.0,0.0,6.6000000000000005,26.0,1.0,1.0,3.0,5.0,1.0,2,2,2.387641044197884,-0.7609975948044563,-0.670284116553529,1.0989553168813142,1.481863125136114,0.0,0.0
7,6,0,0,0,0,0,0,3.8,1.8,0.0,1.8,0.47522521666260875,0.0,0.0,7.3999999999999995,7.0,6.0,5.0,2.0,2.0,2.0,2,2,1.6993594498556437,-0.1865598509114051,-0.3651970600666067,1.3265219098461054,1.4859595066724702,0.0,0.0
0,0,0,0,0,0,0,0,3.6,3.2,2.6,0.0,0.47522521666260875,0.0,0.0,9.4,0.0,0.0,3.0,4.0,4.0,2.0,2,2,1.1882256156986761,-1.325230519158885,-0.14065135533723938,0.051387715563291574,1.5723682907883647,0.0,0.0
0,0,0,0,0,0,0,0,3.2,0.6000000000000001,3.6,0.0,0.47522521666260875,0.0,0.0,7.4,0.0,0.0,5.0,0.0,3.0,2.0,2,2,1.3982026886241627,-1.3176036238002398,-0.9016377845772335,-0.06183248552243959,1.3226010000039474,0.0,0.0
0,0,0,0,0,0,0,0,3.6,0.0,4.800000000000002,2.8000000000000003,0.47522521666260875,0.0,0.0,11.200000000000003,0.0,0.0,3.0,1.0,3.0,2.0,2,2,0.9387012711320423,-1.364331063492061,-0.5973881172352213,-0.09248682962926767,1.5501992264848214,0.0,0.0
0,0,0,0,0,0,0,19,3.2,3.8,0.0,3.0,0.47522521666260875,0.0,0.0,10.0,0.0,19.0,5.0,3.0,3.0,3.0,2,2,1.9596945416188571,2.0212404067085172,0.43505626088998905,-2.9882356319677577,1.5775765559836068,0.0,0.0
0,0,0,0,0,0,93,10,0.0,3.4000000000000004,3.4000000000000004,3.2,0.47522521666260875,0.0,0.0,10.0,93.0,10.0,2.0,4.0,2.0,1.0,2,2,2.226640816988587,2.9397488935263563,-0.5163549024679527,-3.9696228522882917,1.584381457724494,0.0,0.0
0,0,0,0,38,4,0,0,3.0,2.8000000000000003,1.6,7.4,0.47522521666260875,0.0,0.0,14.8,38.0,4.0,2.0,9.0,0.0,5.0,3,2,0.6458165155122261,0.12337034013804837,2.0887874317973067,-1.1079419891867408,1.7681546849369854,0.0,0.0
0,0,0,0,15,1,0,0,1.8,11.6,6.0,0.2,0.47522521666260875,0.0,0.0,19.6,15.0,1.0,6.0,12.0,1.0,0.0,3,2,-0.7441124203518691,-0.502756676626532,2.7545759198985746,0.12209105031005595,1.35451657270056,0.0,0.0
0,0,0,0,0,0,0,0,1.6,6.0,12.8,3.0,0.47522521666260875,0.0,0.0,23.400000000000002,0.0,0.0,4.0,15.0,2.0,2.0,3,2,-1.9187774588045263,-1.1774360805307267,2.5837339578717553,0.3482327810385497,1.6241247469134616,0.0,0.0
0,0,0,0,50,1,0,0,2.8000000000000003,7.4,0.2,1.4,0.47522521666260875,0.0,0.0,11.8,50.0,1.0,1.0,10.0,0.0,2.0,3,2,1.5021527531371262,0.039512554059502984,2.123898882548564,-0.9885993174868696,1.3791815596757258,0.0,0.0
0,0,0,0,0,0,0,0,10.8,0.6000000000000001,6.0,0.8,0.47522521666260875,0.0,0.0,18.200000000000003,0.0,0.0,5.0,17.0,1.0,0.0,3,2,-1.4749635707431317,-1.3541458486809024,2.346973065748864,0.10260438992538305,1.3349866128663193,0.0,0.0
0,0,0,0,31,2,0,0,9.0,1.2000000000000002,5.800000000000002,1.0,0.47522521666260875,0.0,0.0,17.0,31.0,2.0,5.0,11.0,2.0,1.0,3,2,-0.10586917489805298,-0.47222506915887547,2.416565648989728,-0.3816181058533068,1.5254585399930112,0.0,0.0
0,0,0,0,6,3,0,0,4.800000000000002,0.4,0.0,14.6,0.47522521666260875,0.0,0.0,19.8,6.0,3.0,3.0,15.0,0.0,0.0,3,2,-0.9804641670203781,-0.9398988763882236,2.660692084749795,-0.5060561865662528,0.9334344704275995,0.0,0.0
1,0,0,0,0,1,0,0,6.0,2.6,9.2,0.6000000000000001,0.47522521666260875,0.0,0.0,18.400000000000002,1.0,1.0,7.0,11.0,4.0,0.0,3,2,-0.9142995053478568,-1.2740443350646458,2.1324356948928203,0.4511880369922535,1.58713617687358,0.0,0.0
0,0,0,0,0,0,0,0,0.4,0.4,5.800000000000002,9.4,0.47522521666260875,0.0,0.0,16.000000000000004,0.0,0.0,8.0,12.0,0.0,0.0,3,2,-1.063211694216601,-1.3373515368900246,1.5055055334212775,-0.0741412750108905,1.2475890337930056,0.0,0.0
0,0,0,0,0,0,0,0,1.4,5.6000000000000005,12.4,1.4,0.47522521666260875,0.0,0.0,20.799999999999997,0.0,0.0,6.0,14.0,2.0,1.0,3,2,-1.5961092428264791,-1.2106226163705087,2.3779225210339607,0.41174610434599956,1.4786216607333458,0.0,0.0
0,0,0,0,19,19,0,0,3.2,4.0,3.6,4.0,0.47522521666260875,0.0,0.0,14.799999999999999,19.0,19.0,4.0,2.0,3.0,5.0,3,2,1.8293226302289514,1.3189039925129233,3.9402065237436257,-0.9250636183955377,1.9941050707444077,0.0,0.0
0,0,0,0,50,20,7,1,0.6000000000000001,2.2,5.800000000000002,9.4,0.47522521666260875,0.0,0.0,18.000000000000004,57.0,21.0,8.0,14.0,2.0,0.0,3,2,1.2013074117776479,2.1331790603565297,6.349485053900182,-1.2921467595591007,1.550122427499427,0.5373760853377336,0.2761954276479391
0,26,0,0,39,3,2,0,0.8,10.2,1.4,4.4,0.47522521666260875,0.0,0.0,16.8,41.0,29.0,3.0,14.0,1.0,0.0,3,2,2.1431133632538595,3.6465924234223657,5.168926160680666,4.861730958971666,1.451214178671974,0.2811937964320427,0.47983202361612853
0,0,0,0,0,0,0,0,3.8,7.6,1.6,7.6,0.47522521666260875,0.0,0.0,20.6,0.0,0.0,7.0,9.0,4.0,0.0,3,2,-0.9861506225112179,-1.1658926105762293,2.0492764667887573,0.2897143586613807,1.7976353448808822,0.0,0.0
0,0,0,0,0,0,0,0,6.4,4.0,0.6000000000000001,8.200000000000001,0.47522521666260875,0.0,0.0,19.200000000000003,0.0,0.0,9.0,8.0,5.0,0.0,3,2,-0.9381410098473107,-1.2983208088902884,1.7569677033225541,0.29525836280784257,1.6802429008331132,0.0,0.0
0,0,0,0,0,0,0,0,1.6,11.0,2.8000000000000003,6.4,0.47522521666260875,0.0,0.0,21.8,0.0,0.0,7.0,9.0,1.0,4.0,3,2,-1.6334537018031656,-0.6686183196704844,1.786883673140421,0.04864441054838373,1.6738930114497452,0.0,0.0
0,0,0,0,1,0,0,0,6.6000000000000005,0.6000000000000001,11.6,2.6,0.47522521666260875,0.0,0.0,21.400000000000002,1.0,0.0,7.0,14.0,3.0,1.0,3,2,-1.8598726133279189,-1.3651368370651247,2.2742587061737174,0.37412640332499125,1.5163407481373543,0.0,0.0
0,0,0,0,0,0,0,0,1.0,5.0,9.4,1.6,0.47522521666260875,0.0,0.0,17.0,0.0,0.0,6.0,8.0,3.0,1.0,3,2,-0.5248953576750949,-1.2722284221588076,1.4852740135907636,0.28353694782082833,1.5532530391064796,0.0,0.0
0,0,0,0,0,0,0,0,0.8,14.2,1.6,3.2,0.47522521666260875,0.0,0.0,19.8,0.0,0.0,0.0,16.0,2.0,1.0,3,2,-0.646706420031152,-0.9971741694002965,2.8889221705190913,0.14070900209156703,1.249234948515646,0.0,0.0
0,0,0,0,0,0,0,0,4.4,2.8000000000000003,1.0,11.6,0.47522521666260875,0.0,0.0,19.8,0.0,0.0,3.0,15.0,0.0,4.0,3,2,-1.5717618814617773,-1.0917443783385534,1.869398725456591,-0.392412828110466,1.550740431083014,0.0,0.0
0,0,0,0,59,4,0,0,5.2,5.800000000000002,2.8000000000000003,2.2,0.47522521666260875,0.0,0.0,16.000000000000004,59.0,4.0,8.0,4.0,1.0,3.0,3,2,0.8208955311175395,0.7518942326173773,2.3122587137104604,-0.9114331612266401,1.8913081168350532,0.0,0.0
0,0,0,0,0,0,0,0,3.8,4.4,4.800000000000002,6.800000000000002,0.47522521666260875,0.0,0.0,19.800000000000004,0.0,0.0,3.0,9.0,2.0,4.0,3,2,-1.015318790713545,-1.1025498380982908,1.4172407510413936,-0.13833641374328381,1.964397478814277,0.0,0.0
0,0,0,0,0,0,0,0,14.0,0.6000000000000001,8.0,2.0,0.47522521666260875,0.0,0.0,24.6,0.0,0.0,10.0,14.0,1.0,1.0,3,2,-2.9189131546022993,-1.0615872227767866,2.348493954525898,0.30468359574247983,1.4148632579190834,0.0,0.0
0,0,0,0,0,0,20,1,7.4,2.8000000000000003,2.2,7.4,0.47522521666260875,0.0,0.0,19.8,20.0,1.0,11.0,9.0,4.0,1.0,3,2,-1.3585028488039734,-0.46412388447526004,1.6098679767344273,-0.36359726212625426,1.812626662803256,0.0,0.0
0,0,0,0,18,1,29,0,8.4,2.8000000000000003,0.8,1.6,0.47522521666260875,0.0,0.0,13.600000000000001,47.0,1.0,3.0,9.0,2.0,0.0,3,2,0.7393347349139533,-0.07052369373922028,1.4985803755039355,-1.1032978096169757,1.5024584196986575,0.9601186626422924,0.0
0,0,0,0,78,8,12,1,1.8,1.4,1.8,3.8,0.47522521666260875,0.0,0.0,8.8,90.0,9.0,2.0,3.0,2.0,2.0,3,2,3.5136592923320316,1.5260333297817366,2.5867834567803234,-2.031357489527535,1.8816871360056389,0.5665095065529052,0.5032583347756456
0,0,0,0,14,5,10,0,4.0,5.800000000000002,0.2,1.2000000000000002,0.47522521666260875,0.0,0.0,11.2,24.0,5.0,3.0,6.0,1.0,0.0,3,2,1.453894511766982,-0.11803833342410051,1.8690956991955432,-0.7596334602431422,1.4711087477580724,0.9798687566511527,0.0
0,0,0,0,30,0,41,6,4.800000000000002,0.2,1.8,0.2,0.47522521666260875,0.0,0.0,7.000000000000002,71.0,6.0,2.0,5.0,0.0,0.0,3,2,2.504704229341094,1.3076169528686623,0.5269774027787508,-2.7754276770316895,1.1701851589367218,0.982615428552612,0.0
0,0,0,0,0,0,0,0,1.4,10.2,0.4,6.4,0.47522521666260875,0.0,0.0,18.4,0.0,0.0,8.0,11.0,1.0,0.0,3,2,-1.0372673420332483,-0.9194502946310074,2.0646514019420943,0.14301212771642893,1.404592641981475,0.0,0.0
0,0,0,0,22,11,0,0,6.4,0.4,0.8,5.6000000000000005,0.47522521666260875,0.0,0.0,13.200000000000001,22.0,11.0,8.0,8.0,0.0,1.0,3,2,0.7169784227881804,0.43143768292542317,3.098550037826395,-0.8087601156891733,1.4291526372734094,0.0,0.0
0,0,0,0,102,2,0,0,1.2000000000000002,0.6000000000000001,0.2,1.2000000000000002,0.47522521666260875,0.0,0.0,3.2000000000000006,102.0,2.0,1.0,1.0,0.0,0.0,3,2,4.515182982758819,0.8013657126059306,1.3459064362637636,-1.9503098325872223,1.764097655573916,0.0,0.0
0,0,0,0,13,1,10,18,0.6000000000000001,3.4000000000000004,7.0,5.800000000000002,0.47522521666260875,0.0,0.0,16.800000000000004,23.0,19.0,8.0,8.0,2.0,0.0,3,2,0.7268751967886516,2.350477788990334,2.4178948101423186,-3.023273790325607,1.694125634026467,0.9876925088958034,0.2974722489192896
0,0,0,0,0,0,0,0,10.0,6.0,0.4,2.6,0.47522521666260875,0.0,0.0,19.0,0.0,0.0,4.0,13.0,2.0,0.0,3,2,-0.9680656815179464,-1.1584342715865632,2.2278386418915086,0.07082703867818795,1.522431990511727,0.0,0.0
0,0,0,0,0,0,1,0,0.4,10.6,1.8,6.2,0.47522521666260875,0.0,0.0,19.0,1.0,0.0,6.0,9.0,2.0,0.0,3,2,-0.6913776029207986,-0.9742614342373339,1.9431180334711633,0.14948912567252884,1.4362851375222796,0.0,0.0
0,0,0,0,24,18,0,0,2.0,1.0,5.6000000000000005,4.800000000000002,0.47522521666260875,0.0,0.0,13.400000000000002,24.0,18.0,6.0,8.0,1.0,0.0,3,2,1.6201499536390092,1.020643375827895,4.544161419227243,-0.8312526912701309,1.7455823358573084,0.0,0.0
0,0,0,0,49,5,5,6,1.2000000000000002,2.4000000000000004,1.6,3.0,0.47522521666260875,0.0,0.0,8.2,54.0,11.0,3.0,3.0,2.0,0.0,3,2,3.1598457019456134,1.2060918366014084,2.046395240676363,-2.054690271451594,1.9152914205422644,0.44506485705083854,0.9940302114769566
0,0,0,0,0,0,0,0,1.8,1.0,6.800000000000002,11.8,0.47522521666260875,0.0,0.0,21.400000000000002,0.0,0.0,8.0,13.0,1.0,1.0,3,2,-1.9559485701957877,-1.2666035446838941,1.9678815378311452,0.04568536956040762,1.506059117220981,0.0,0.0
0,0,0,0,0,0,0,0,1.0,6.6000000000000005,1.8,15.2,0.47522521666260875,0.0,0.0,24.6,0.0,0.0,8.0,18.0,2.0,1.0,3,2,-2.5010447311622364,-1.10114423380244,3.0365828289177355,0.18546972662517838,1.4022993634859142,0.0,0.0
0,0,0,0,8,3,0,0,1.0,5.0,10.2,2.6,0.47522521666260875,0.0,0.0,18.8,8.0,3.0,4.0,13.0,1.0,3.0,3,2,-0.8679721299689948,-0.6549282831782209,2.528978858628343,-0.09274640840199706,1.6066584900267291,0.0,0.0
0,0,0,0,0,0,0,0,4.6000000000000005,2.4000000000000004,1.8,10.8,0.47522521666260875,0.0,0.0,19.6,0.0,0.0,6.0,13.0,0.0,4.0,3,2,-1.7470161010732679,-1.018605356680823,1.626144553150763,-0.2985339732070699,1.6519065264848687,0.0,0.0
0,0,0,0,0,0,0,0,12.6,1.4,0.8,8.0,0.47522521666260875,0.0,0.0,22.8,0.0,0.0,7.0,16.0,1.0,0.0,3,2,-2.271596572230182,-1.1843634110948276,2.5199573589308946,0.023613248722489915,1.4197562998630535,0.0,0.0
0,0,0,0,25,0,0,0,4.4,3.6,2.6,1.0,0.47522521666260875,0.0,0.0,11.6,25.0,0.0,4.0,6.0,4.0,0.0,3,2,1.2736808920629592,-0.9497781766617347,1.362164470034661,-0.25185707854500516,1.8427826770887246,0.0,0.0
0,0,0,0,20,8,0,0,7.0,4.2,0.8,1.0,0.47522521666260875,0.0,0.0,13.0,20.0,8.0,4.0,9.0,0.0,0.0,3,2,0.9949592728400222,0.08484373799412048,2.898518003033266,-0.6586709611812711,1.5397030138613068,0.0,0.0
0,0,0,0,63,8,0,0,5.800000000000002,2.4000000000000004,0.8,0.4,0.47522521666260875,0.0,0.0,9.400000000000004,63.0,8.0,3.0,7.0,0.0,0.0,3,2,2.6000123733280556,0.829804652268598,3.0031150697110585,-1.3315072401686165,1.4290356842871381,0.0,0.0
0,0,0,0,66,14,0,0,0.8,5.2,3.0,1.2000000000000002,0.47522521666260875,0.0,0.0,10.2,66.0,14.0,2.0,5.0,1.0,1.0,3,2,3.3141649002778863,1.5713732114185066,4.036747123130161,-1.4303424419022888,1.6660612907926113,0.0,0.0
0,0,0,0,31,19,0,0,9.0,3.6,1.4,1.6,0.47522521666260875,0.0,0.0,15.6,31.0,19.0,5.0,10.0,1.0,1.0,3,2,1.3872359382809225,1.5069588578485247,5.257551807666591,-0.9624438391642786,1.5951006314878868,0.0,0.0
0,0,0,0,3,2,0,0,1.8,5.6000000000000005,0.4,0.6000000000000001,0.47522521666260875,0.0,0.0,8.4,3.0,2.0,1.0,8.0,0.0,1.0,3,2,1.3451424816986304,-0.9630512503853013,1.1507161619512185,-0.4759820328770101,1.3473138434273986,0.0,0.0
0,0,0,0,0,0,0,0,2.0,3.2,2.4000000000000004,0.8,0.47522521666260875,0.0,0.0,8.4,0.0,0.0,3.0,4.0,2.0,0.0,3,2,1.3634048337678781,-1.4232988263394308,0.4000689371780573,-0.19390948633300306,1.8628214475995342,0.0,0.0
0,0,0,0,64,4,0,0,2.2,0.2,2.8000000000000003,0.8,0.47522521666260875,0.0,0.0,6.000000000000001,64.0,4.0,3.0,1.0,4.0,0.0,3,2,3.5604994832338717,0.06733690581248586,1.5692194918590705,-1.06976212411801,1.5950000384812946,0.0,0.0
0,0,0,0,26,4,0,0,0.6000000000000001,1.2000000000000002,2.2,1.0,0.47522521666260875,0.0,0.0,5.0,26.0,4.0,0.0,2.0,2.0,0.0,3,2,3.0990152226338172,-0.6562081168957593,0.9492939654446607,-0.8368107201903838,1.8467341583372252,0.0,0.0
1,0,0,0,1,1,0,0,0.6000000000000001,0.6000000000000001,0.4,1.6,0.47522521666260875,0.0,0.0,3.2,2.0,1.0,0.0,3.0,1.0,0.0,3,2,2.5380264118994016,-1.4445258427152632,-0.06409301508264525,-0.5553699483121898,1.7806390622295665,1.0,0.0
0,0,0,0,3,3,0,0,0.2,2.2,0.2,4.0,0.47522521666260875,0.0,0.0,6.6000000000000005,3.0,3.0,2.0,3.0,0.0,0.0,3,2,1.9398163951831022,-1.0166366282420283,0.5427053786249019,-0.6332618899697754,1.2718998859415591,0.0,0.0
0,0,0,0,0,0,0,0,5.0,0.4,3.4000000000000004,0.8,0.47522521666260875,0.0,0.0,9.600000000000001,0.0,0.0,5.0,6.0,0.0,0.0,3,2,0.5630475284071477,-1.3480535113407448,0.45787498126509907,-0.2732489414786094,1.5103109789373255,0.0,0.0
0,0,0,0,0,0,0,0,2.4000000000000004,0.4,6.0,8.8,0.47522521666260875,0.0,0.0,17.6,0.0,0.0,7.0,9.0,0.0,3.0,3,2,-1.266698674757155,-1.1481329782658243,1.0417500413250103,-0.2246709032059613,1.5453264016264963,0.0,0.0
0,0,0,0,0,0,0,0,5.800000000000002,13.8,1.4,1.2000000000000002,0.47522521666260875,0.0,0.0,22.2,0.0,0.0,8.0,12.0,1.0,1.0,3,2,-1.7562288978397356,-0.637155398031605,2.5441738263671843,0.32862078216505575,1.4112546426102555,0.0,0.0
